Goalie,Team,Tier,Rank,GSAx/60 (blended),Starts this season,GSAx this season,GP last season,GSAx last season,Last-season weight,Team start share,Last start,playerId
Lukas Dostal,ANA,Average,34.0,-0.041,1,0.2,56,-2.9,0.9,100.0,2026-10-02,8480843
Ville Husso,ANA,Average,40.0,-0.108,0,0.0,20,-3.1,1.0,0.0,,8478024
Jeremy Swayman,BOS,Elite,1.0,0.462,2,2.5,55,28.8,0.8,100.0,2026-10-02,8480280
Michael DiPietro,BOS,Average (small sample),,0.01,0,0.0,1,0.1,1.0,0.0,,8480022
Ukko-Pekka Luukkonen,BUF,Above-average,18.0,0.161,1,-2.8,35,10.5,0.9,100.0,2026-10-01,8480045
Alex Lyon,BUF,Above-average,10.0,0.292,0,0.0,36,12.6,1.0,0.0,,8479312
Colten Ellis,BUF,Average,28.0,0.074,0,0.0,16,1.9,1.0,0.0,,8481551
Brandon Bussi,CAR,Average,30.0,0.028,2,-1.0,39,2.8,0.8,100.0,2026-10-02,8483548
Pyotr Kochetkov,CAR,Average (small sample),,-0.002,0,0.0,9,-0.0,1.0,0.0,,8481611
Jet Greaves,CBJ,Above-average,13.0,0.245,1,-0.1,55,16.5,0.9,100.0,2026-10-01,8482982
Cam Talbot,CBJ,Replacement-level,55.0,-0.335,0,0.0,34,-13.1,1.0,0.0,,8475660
Devin Cooley,CGY,Elite,3.0,0.447,0,0.0,31,17.3,1.0,0.0,,8482445
Dustin Wolf,CGY,Average,36.0,-0.066,1,-2.3,57,-1.8,0.9,100.0,2026-10-01,8481692
Spencer Knight,CHI,Above-average,19.0,0.156,1,-0.5,54,10.9,0.9,50.0,2026-09-29,8481519
Arvid Soderblom,CHI,Replacement-level,47.0,-0.173,1,-2.1,26,-4.0,0.9,50.0,2026-10-01,8482821
Scott Wedgewood,COL,Elite,4.0,0.441,0,0.0,45,23.1,1.0,0.0,,8475809
Mackenzie Blackwood,COL,Average,21.0,0.147,1,-1.1,38,8.3,0.9,100.0,2026-09-30,8478406
Casey DeSmith,DAL,Above-average,11.0,0.268,0,0.0,30,10.5,1.0,0.0,,8479193
Jake Oettinger,DAL,Average,26.0,0.094,1,0.4,54,5.7,0.9,100.0,2026-10-02,8479979
John Gibson,DET,Above-average,16.0,0.199,1,1.1,57,11.7,0.9,100.0,2026-10-02,8476434
Daniil Tarasov,DET,Average,35.0,-0.042,0,0.0,33,-1.8,1.0,0.0,,8480193
Frederik Andersen,EDM,Average,37.0,-0.074,0,0.0,35,-3.3,1.0,0.0,,8475883
Tristan Jarry,EDM,Replacement-level,51.0,-0.205,1,-4.0,33,-4.1,0.9,50.0,2026-09-29,8477465
Devon Levi,EDM,Replacement-level (small sample),,-0.372,1,-4.1,0,0.0,0.9,50.0,2026-10-01,8482221
Akira Schmid,FLA,Average,33.0,-0.033,1,-0.4,34,-1.0,0.9,50.0,2026-10-01,8481033
Jacob Markstrom,FLA,Replacement-level,45.0,-0.166,1,2.5,44,-11.9,0.9,50.0,2026-09-29,8474593
Anton Forsberg,LAK,Above-average,15.0,0.215,0,0.0,36,9.4,1.0,0.0,,8476341
Darcy Kuemper,LAK,Replacement-level,48.0,-0.181,1,-4.6,50,-5.8,0.9,100.0,2026-09-30,8475311
Jesper Wallstedt,MIN,Above-average,20.0,0.148,1,0.5,35,6.2,0.9,100.0,2026-10-01,8482661
Calvin Pickard,MIN,Replacement-level,43.0,-0.145,0,0.0,16,-3.5,1.0,0.0,,8475717
Jakub Dobes,MTL,Above-average,9.0,0.33,1,0.6,43,17.3,0.9,100.0,2026-09-29,8482487
Samuel Montembeault,MTL,Replacement-level,44.0,-0.146,0,0.0,25,-4.9,1.0,0.0,,8478470
Jake Allen,NJD,Average,23.0,0.128,1,-0.1,37,6.3,0.9,100.0,2026-10-01,8474596
Nico Daws,NJD,Average (small sample),,0.034,0,0.0,3,0.4,1.0,0.0,,8482076
Rémi Poirier,NJD,Replacement-level (no NHL data),,0.0,0,0.0,0,0.0,1.0,0.0,,8482465
Justus Annunen,NSH,Above-average,14.0,0.237,0,0.0,28,8.3,1.0,0.0,,8481020
Juuse Saros,NSH,Replacement-level,41.0,-0.133,1,0.0,59,-9.3,0.9,100.0,2026-10-01,8477424
Matt Murray,NSH,Replacement-level (no NHL data),,0.0,0,0.0,0,0.0,1.0,0.0,,8483575
Ilya Sorokin,NYI,Elite,5.0,0.392,1,0.5,55,25.3,0.9,100.0,2026-09-30,8478009
Semyon Varlamov,NYI,Replacement-level (no NHL data),,0.0,0,0.0,0,0.0,1.0,0.0,,8473575
Igor Shesterkin,NYR,Above-average,7.0,0.368,2,2.3,51,21.2,0.8,67.0,2026-10-01,8478048
Joonas Korpisalo,NYR,Average,32.0,-0.025,0,0.0,31,-1.0,1.0,0.0,,8476914
Dylan Garand,NYR,Average (small sample),,0.378,1,1.7,3,3.9,0.9,33.0,2026-10-02,8482193
Linus Ullmark,OTT,Replacement-level,53.0,-0.221,0,0.0,49,-12.8,1.0,,,8476999
Samuel Ersson,OTT,Replacement-level,56.0,-0.402,0,0.0,33,-16.5,1.0,,,8481035
Dan Vladar,PHI,Above-average,17.0,0.173,1,-2.7,52,13.8,0.9,50.0,2026-09-30,8478435
Joseph Woll,PHI,Average,39.0,-0.102,1,1.4,39,-6.6,0.9,50.0,2026-10-01,8479361
Arturs Silovs,PIT,Replacement-level,50.0,-0.204,1,1.6,39,-11.9,0.9,100.0,2026-09-30,8481668
Sergei Murashov,PIT,Replacement-level (small sample),,-0.24,0,0.0,5,-3.5,1.0,0.0,,8483703
Joey Daccord,SEA,Average,38.0,-0.078,1,1.5,47,-6.2,0.9,100.0,2026-10-01,8478916
Philipp Grubauer,SEA,Average,22.0,0.142,0,0.0,32,5.7,1.0,0.0,,8475831
Alex Nedeljkovic,SJS,Average,31.0,-0.024,0,0.0,40,-1.2,1.0,0.0,,8477968
Yaroslav Askarov,SJS,Replacement-level,54.0,-0.321,1,1.0,47,-18.9,0.9,100.0,2026-10-01,8482137
Joel Hofer,STL,Above-average,12.0,0.266,1,2.9,46,11.7,0.9,100.0,2026-10-02,8480981
Jordan Binnington,STL,Replacement-level,58.0,-0.462,0,0.0,41,-22.4,1.0,0.0,,8476412
Andrei Vasilevskiy,TBL,Above-average,8.0,0.334,1,-1.5,58,24.7,0.9,100.0,2026-10-01,8476883
Dennis Hildeby,TBL,Above-average,6.0,0.39,0,0.0,20,10.5,1.0,0.0,,8483710
Sergei Bobrovsky,TOR,Replacement-level,52.0,-0.207,1,-0.7,52,-12.2,0.9,50.0,2026-09-29,8475683
Anthony Stolarz,TOR,Replacement-level,42.0,-0.137,1,1.6,26,-6.7,0.9,50.0,2026-09-30,8476932
Karel Vejmelka,UTA,Average,25.0,0.119,1,1.7,64,6.9,0.9,100.0,2026-10-01,8478872
Sebastian Cossa,UTA,Replacement-level (no NHL data),,0.0,0,0.0,0,0.0,1.0,0.0,,8482657
Thatcher Demko,VAN,Average,29.0,0.069,0,0.0,20,2.0,1.0,0.0,,8477967
Kevin Lankinen,VAN,Replacement-level,59.0,-0.489,2,-7.0,47,-19.3,0.8,100.0,2026-10-01,8480947
Leevi Meriläinen,VAN,Replacement-level,60.0,-0.599,0,0.1,20,-17.3,1.0,0.0,,8482447
Carter Hart,VGK,Replacement-level,49.0,-0.183,2,-1.3,18,-4.2,0.8,100.0,2026-10-02,8479394
Adin Hill,VGK,Replacement-level,57.0,-0.405,0,0.0,27,-14.2,1.0,0.0,,8478499
Stuart Skinner,WPG,Average,24.0,0.122,1,-0.8,50,8.3,0.9,100.0,2026-10-02,8479973
Connor Hellebuyck,WPG,Average,27.0,0.083,0,0.0,57,5.5,1.0,0.0,,8476945
Clay Stevenson,WPG,Average (small sample),,0.225,0,0.0,4,3.2,1.0,0.0,,8483532
Logan Thompson,WSH,Elite,2.0,0.452,1,2.0,58,29.3,0.9,100.0,2026-10-02,8480313
Charlie Lindgren,WSH,Replacement-level,46.0,-0.172,0,0.0,21,-5.3,1.0,0.0,,8479292
