Date,Start (ET),Start (PT),Away,Home,Away rest days,Away back-to-back,Away 3-in-4,Home rest days,Home back-to-back,Home 3-in-4,Away GP,Home GP,Away last starting goalie,Home last starting goalie
2026-10-02,6:30 PM,3:30 PM,NYR,DET,0,Yes,Yes,Season opener,No,No,2,0,Igor Shesterkin,
2026-10-02,7:00 PM,4:00 PM,WSH,CAR,Season opener,No,No,2,No,No,0,1,,Brandon Bussi
2026-10-02,8:00 PM,5:00 PM,BOS,WPG,2,No,No,Season opener,No,No,1,0,Jeremy Swayman,
2026-10-02,9:00 PM,6:00 PM,STL,DAL,Season opener,No,No,Season opener,No,No,0,0,,
2026-10-02,10:00 PM,7:00 PM,ANA,VGK,Season opener,No,No,2,No,No,0,1,,Carter Hart
2026-10-03,7:00 PM,4:00 PM,CHI,BUF,1,No,No,1,No,No,2,1,Arvid Soderblom,Ukko-Pekka Luukkonen
2026-10-03,7:00 PM,4:00 PM,CAR,PHI,0,Yes,No,1,No,Yes,1,2,Brandon Bussi,Joseph Woll
2026-10-03,7:00 PM,4:00 PM,UTA,CBJ,1,No,No,1,No,No,1,1,Karel Vejmelka,Jet Greaves
2026-10-03,7:00 PM,4:00 PM,SEA,EDM,1,No,No,1,No,No,1,2,Joey Daccord,Devon Levi
2026-10-03,7:00 PM,4:00 PM,MTL,PIT,3,No,No,2,No,No,1,1,Jakub Dobes,Arturs Silovs
2026-10-03,7:00 PM,4:00 PM,OTT,TOR,Season opener,No,No,2,No,No,0,2,,Anthony Stolarz
2026-10-03,7:00 PM,4:00 PM,WSH,TBL,0,Yes,No,1,No,No,0,1,,Andrei Vasilevskiy
2026-10-03,7:30 PM,4:30 PM,NJD,NYI,1,No,No,2,No,No,1,1,Jake Allen,Ilya Sorokin
2026-10-03,8:00 PM,5:00 PM,BOS,MIN,0,Yes,No,1,No,No,1,1,Jeremy Swayman,Jesper Wallstedt
2026-10-03,8:00 PM,5:00 PM,DAL,NSH,0,Yes,No,1,No,No,0,1,,Juuse Saros
2026-10-03,9:00 PM,6:00 PM,STL,COL,0,Yes,No,2,No,No,0,1,,Mackenzie Blackwood
2026-10-03,10:00 PM,7:00 PM,CGY,VAN,1,No,No,1,No,No,1,2,Dustin Wolf,Kevin Lankinen
2026-10-03,10:00 PM,7:00 PM,LAK,SJS,2,No,No,1,No,No,1,1,Darcy Kuemper,Yaroslav Askarov
2026-10-04,1:00 PM,10:00 AM,WPG,DET,1,No,No,1,No,No,0,0,,
2026-10-04,6:00 PM,3:00 PM,UTA,NYR,0,Yes,Yes,1,No,Yes,1,2,Karel Vejmelka,Igor Shesterkin
2026-10-04,8:00 PM,5:00 PM,FLA,ANA,2,No,No,1,No,No,2,0,Akira Schmid,
2026-10-04,8:00 PM,5:00 PM,CGY,SEA,0,Yes,Yes,0,Yes,Yes,1,1,Dustin Wolf,Joey Daccord
2026-10-04,9:00 PM,6:00 PM,VGK,VAN,1,No,No,0,Yes,Yes,1,2,Carter Hart,Kevin Lankinen
