Player,Team,Pos,Role,PP1,Role based on,Usage TOI/GP,Usage PP TOI/GP,GP,G,A,P,SOG,TOI/GP,PP TOI/GP,Last 10 GP,Last 10 G,Last 10 P,Last 10 SOG,Trend,Trend detail,GP last season,TOI/GP last season,playerId
Mikael Granlund,ANA,C,Top-line C,Yes,last games,20.9,5.5,3,1,2,3,4,20.9,5.5,3,1,3,4,Not enough games,,58,19.2,8475798
Jackson LaCombe,ANA,D,Top-pair D,Yes,last games,29.2,4.8,3,0,3,3,2,29.2,4.8,3,0,3,2,Not enough games,,82,24.2,8481605
Tristan Luneau,ANA,D,Top-pair D,,last games,25.0,0.7,3,0,1,1,1,25.0,0.7,3,0,1,1,Not enough games,,1,11.6,8483482
Beckett Sennecke,ANA,R,Top-6 F,Yes,last games,21.6,5.5,3,3,1,4,11,21.6,5.5,3,3,4,11,Not enough games,,82,17.4,8484762
Cutter Gauthier,ANA,L,Top-6 F,Yes,last games,21.0,5.5,3,2,2,4,16,21.0,5.5,3,2,4,16,Not enough games,,76,17.3,8483445
Leo Carlsson,ANA,C,Top-6 F,Yes,last games,20.6,5.5,3,1,6,7,1,20.6,5.5,3,1,7,1,Not enough games,,70,19.2,8484153
Tim Washe,ANA,C,Top-6 F,,last games,16.6,0.9,3,0,1,1,2,16.6,0.9,3,0,1,2,Not enough games,,39,12.1,8485512
Ryan Poehling,ANA,C,Top-6 F,,last games,14.0,0.6,3,0,0,0,3,14.0,0.6,3,0,0,3,Not enough games,,75,15.1,8480068
Pavel Mintyukov,ANA,D,Top-4 D,,last games,19.6,0.6,3,0,0,0,3,19.6,0.6,3,0,0,3,Not enough games,,73,18.4,8483490
Nick Jensen,ANA,D,Top-4 D,,last season,17.0,0.1,0,0,0,0,0,,,0,0,0,0,Not enough games,,61,17.0,8475324
Alex Killorn,ANA,L,Depth F,,last games,13.8,0.3,3,1,0,1,4,13.8,0.3,3,1,1,4,Not enough games,,82,16.7,8473986
A.J. Greer,ANA,L,Depth F,,last games,12.6,0.5,3,0,1,1,7,12.6,0.5,3,0,1,7,Not enough games,,78,12.4,8478421
Frank Vatrano,ANA,R,Depth F,,last season,11.8,0.7,1,0,0,0,0,10.6,0.0,1,0,0,0,Not enough games,,50,11.8,8478366
Nikita Nesterenko,ANA,C,Depth F,,last games,11.1,0.1,3,0,0,0,1,11.1,0.1,3,0,0,1,Not enough games,,29,12.3,8481754
Judd Caulfield,ANA,R,Depth F,,last games,11.1,0.0,3,0,0,0,1,11.1,0.0,3,0,0,1,Not enough games,,0,0.0,8481538
Sam Colangelo,ANA,R,Depth F,,last season,10.2,0.4,1,0,0,0,0,10.4,0.0,1,0,0,0,Not enough games,,9,10.2,8482118
Jeff Malott,ANA,L,Depth F,,last games,9.2,0.0,3,1,0,1,4,9.2,0.0,3,1,1,4,Not enough games,,58,8.8,8482408
Drew Helleson,ANA,D,Depth D,,last season,17.0,0.1,0,0,0,0,0,,,0,0,0,0,Not enough games,,60,17.0,8481563
Travis Mitchell,ANA,D,Depth D,,last games,16.0,0.0,3,0,0,0,2,16.0,0.0,3,0,0,2,Not enough games,,9,11.5,8484262
Noah Warren,ANA,D,Depth D,,last games,14.3,0.0,3,0,1,1,3,14.3,0.0,3,0,1,3,Not enough games,,0,0.0,8483521
Ian Moore,ANA,D,Depth D,,last season,13.7,0.1,0,0,0,0,0,,,0,0,0,0,Not enough games,,67,13.7,8482178
Tyson Hinds,ANA,D,Depth D,,last games,12.0,0.0,3,0,0,0,6,12.0,0.0,3,0,0,6,Not enough games,,6,15.6,8482731
Nikita Klepov,ANA,R,Depth (no NHL data),,no NHL data,0.0,0.0,1,0,0,0,0,10.0,0.8,1,0,0,0,Not enough games,,0,0.0,8486052
Pavel Zacha,BOS,C,Top-line C,Yes,last games,18.2,2.5,5,0,1,1,9,18.2,2.5,5,0,1,9,Not enough games,,78,16.8,8478401
Charlie McAvoy,BOS,D,Top-pair D,Yes,last season,24.4,3.1,0,0,0,0,0,,,0,0,0,0,Not enough games,,69,24.4,8479325
Connor Clifton,BOS,D,Top-pair D,,last games,20.2,0.2,5,0,1,1,5,20.2,0.2,5,0,1,5,Not enough games,,50,16.8,8477365
David Pastrnak,BOS,R,Top-6 F,Yes,last games,19.6,3.4,5,2,4,6,19,19.6,3.4,5,2,6,19,Not enough games,,77,20.7,8477956
Morgan Geekie,BOS,C,Top-6 F,Yes,last games,17.5,2.8,5,1,3,4,6,17.5,2.8,5,1,4,6,Not enough games,,81,17.4,8479987
JJ Peterka,BOS,R,Top-6 F,Yes,last games,17.1,2.3,5,2,0,2,8,17.1,2.3,5,2,2,8,Not enough games,,82,16.0,8482175
Elias Lindholm,BOS,C,Top-6 F,,last games,16.5,1.9,5,1,2,3,9,16.5,1.9,5,1,3,9,Not enough games,,69,17.9,8477496
Fraser Minten,BOS,C,Top-6 F,,last games,15.5,1.0,5,1,1,2,12,15.5,1.0,5,1,2,12,Not enough games,,82,15.6,8483489
Nikita Zadorov,BOS,D,Top-4 D,,last games,20.1,0.2,5,0,2,2,5,20.1,0.2,5,0,2,5,Not enough games,,81,20.9,8477507
Hampus Lindholm,BOS,D,Top-4 D,,last games,20.0,1.6,5,1,2,3,5,20.0,1.6,5,1,3,5,Not enough games,,67,21.6,8476854
Casey Mittelstadt,BOS,C,Depth F,,last games,14.0,1.2,5,1,0,1,7,14.0,1.2,5,1,1,7,Not enough games,,71,15.2,8479999
Marat Khusnutdinov,BOS,C,Depth F,,last games,13.8,0.0,5,0,1,1,2,13.8,0.0,5,0,1,2,Not enough games,,77,14.5,8482177
James Hagens,BOS,C,Depth F,,last games,13.4,1.5,5,2,1,3,7,13.4,1.5,5,2,3,7,Not enough games,,2,14.6,8485395
Sean Kuraly,BOS,C,Depth F,,last games,12.2,0.0,3,0,0,0,6,12.2,0.0,3,0,0,6,Not enough games,,82,13.3,8476374
Matthew Poitras,BOS,C,Depth F,,last season,12.1,0.8,2,1,1,2,2,10.7,0.3,2,1,2,2,Not enough games,,3,12.1,8483505
Mark Kastelic,BOS,C,Depth F,,last games,11.6,0.1,5,1,3,4,4,11.6,0.1,5,1,4,4,Not enough games,,82,12.6,8480355
Tanner Jeannot,BOS,L,Depth F,,last games,11.3,0.1,5,1,0,1,2,11.3,0.1,5,1,1,2,Not enough games,,77,12.6,8479661
Mason Lohrei,BOS,D,Depth D,,last games,19.8,1.8,5,1,2,3,4,19.8,1.8,5,1,3,4,Not enough games,,73,16.9,8482511
Will Borgen,BOS,D,Depth D,,last games,18.8,0.0,5,0,1,1,2,18.8,0.0,5,0,1,2,Not enough games,,75,18.0,8478840
Jonathan Aspirot,BOS,D,Depth D,,last games,16.6,0.0,3,0,0,0,4,16.6,0.0,3,0,0,4,Not enough games,,61,16.7,8481219
Frederic Brunet,BOS,D,Depth (no NHL data),,no NHL data,0.0,0.0,2,0,1,1,3,18.7,1.8,2,0,1,3,Not enough games,,0,0.0,8483017
Tage Thompson,BUF,C,Top-line C,Yes,last games,19.7,3.1,4,2,2,4,23,19.7,3.1,4,2,4,23,Not enough games,,81,19.2,8479420
Rasmus Dahlin,BUF,D,Top-pair D,Yes,last games,26.8,3.4,4,1,1,2,11,26.8,3.4,4,1,2,11,Not enough games,,77,24.2,8480839
Owen Power,BUF,D,Top-pair D,,last games,26.3,1.7,4,1,4,5,5,26.3,1.7,4,1,5,5,Not enough games,,81,21.7,8482671
Jack Quinn,BUF,R,Top-6 F,Yes,last games,19.9,3.3,4,2,0,2,12,19.9,3.3,4,2,2,12,Not enough games,,82,15.7,8482097
Zach Benson,BUF,L,Top-6 F,Yes,last games,19.3,3.2,4,0,1,1,8,19.3,3.2,4,0,1,8,Not enough games,,65,15.9,8484145
Noah Ostlund,BUF,C,Top-6 F,,last games,18.0,2.3,4,1,2,3,9,18.0,2.3,4,1,3,9,Not enough games,,60,14.0,8483500
Josh Doan,BUF,R,Top-6 F,Yes,last games,16.4,2.6,4,0,0,0,5,16.4,2.6,4,0,0,5,Not enough games,,82,15.9,8482659
Josh Norris,BUF,C,Top-6 F,,last games,16.0,1.9,4,0,1,1,5,16.0,1.9,4,0,1,5,Not enough games,,44,15.8,8480064
Mattias Samuelsson,BUF,D,Top-4 D,,last games,20.7,0.0,4,1,1,2,5,20.7,0.0,4,1,2,5,Not enough games,,78,22.8,8480807
Conor Timmins,BUF,D,Top-4 D,,last season,18.8,0.0,0,0,0,0,0,,,0,0,0,0,Not enough games,,39,18.8,8479982
Peyton Krebs,BUF,C,Depth F,,last games,15.1,0.0,4,0,2,2,3,15.1,0.0,4,0,2,3,Not enough games,,82,13.8,8481522
Ryan McLeod,BUF,C,Depth F,,last games,15.0,2.0,4,0,1,1,3,15.0,2.0,4,0,1,3,Not enough games,,81,17.6,8480802
Konsta Helenius,BUF,C,Depth F,,last games,14.1,2.1,4,1,0,1,6,14.1,2.1,4,1,1,6,Not enough games,,9,11.9,8484797
Jiri Kulich,BUF,C,Depth F,,last games,12.0,0.0,4,1,1,2,4,12.0,0.0,4,1,2,4,Not enough games,,12,16.4,8483468
Justin Danforth,BUF,R,Depth F,,last season,11.7,0.1,2,0,0,0,1,10.0,0.0,2,0,0,1,Not enough games,,4,11.7,8479941
Tyson Kozak,BUF,C,Depth F,,last season,11.3,0.0,0,0,0,0,0,,,0,0,0,0,Not enough games,,46,11.3,8482896
Sam Carrick,BUF,C,Depth F,,last season,10.5,0.0,2,0,0,0,1,7.5,0.0,2,0,0,1,Not enough games,,73,10.5,8475842
Beck Malenstyn,BUF,L,Depth F,,last games,8.8,0.0,4,0,0,0,1,8.8,0.0,4,0,0,1,Not enough games,,81,11.2,8479359
Matt Grzelcyk,BUF,D,Depth D,,last season,17.0,0.8,1,0,0,0,0,14.4,0.0,1,0,0,0,Not enough games,,69,17.0,8476891
Olen Zellweger,BUF,D,Depth D,,last games,16.0,0.3,3,0,0,0,1,16.0,0.3,3,0,0,1,Not enough games,,76,17.0,8482803
Louis Crevier,BUF,D,Depth D,,last games,15.3,0.0,4,0,1,1,4,15.3,0.0,4,0,1,4,Not enough games,,78,17.1,8481806
Zach Metsa,BUF,D,Depth D,,last games,11.4,0.0,4,0,1,1,1,11.4,0.0,4,0,1,1,Not enough games,,43,11.0,8484305
Sebastian Aho,CAR,C,Top-line C,Yes,last games,19.5,5.2,5,4,4,8,16,19.5,5.2,5,4,8,16,Not enough games,,79,19.6,8478427
K'Andre Miller,CAR,D,Top-pair D,,last games,22.6,1.9,5,1,1,2,4,22.6,1.9,5,1,2,4,Not enough games,,72,22.4,8480817
Jaccob Slavin,CAR,D,Top-pair D,,last games,21.6,0.1,5,0,2,2,7,21.6,0.1,5,0,2,7,Not enough games,,39,21.3,8476958
Jackson Blake,CAR,R,Top-6 F,Yes,last games,18.2,5.9,5,0,5,5,14,18.2,5.9,5,0,5,14,Not enough games,,81,16.5,8482809
Logan Stankoven,CAR,C,Top-6 F,,last games,18.0,2.1,5,4,0,4,14,18.0,2.1,5,4,4,14,Not enough games,,81,15.5,8482702
Andrei Svechnikov,CAR,R,Top-6 F,Yes,last games,17.3,5.1,5,3,3,6,19,17.3,5.1,5,3,6,19,Not enough games,,79,17.0,8480830
Jordan Staal,CAR,C,Top-6 F,,last games,15.8,1.5,5,0,0,0,5,15.8,1.5,5,0,0,5,Not enough games,,75,16.2,8473533
Nikolaj Ehlers,CAR,L,Top-6 F,Yes,last games,15.8,4.3,5,0,2,2,10,15.8,4.3,5,0,2,10,Not enough games,,82,16.6,8477940
Sean Walker,CAR,D,Top-4 D,,last games,20.8,0.8,5,0,4,4,8,20.8,0.8,5,0,4,8,Not enough games,,81,21.8,8480336
Jalen Chatfield,CAR,D,Top-4 D,,last games,20.2,0.1,5,0,1,1,6,20.2,0.1,5,0,1,6,Not enough games,,72,20.1,8478970
Jordan Martinook,CAR,L,Depth F,,last games,14.9,0.0,5,0,0,0,11,14.9,0.0,5,0,0,11,Not enough games,,77,14.8,8476921
Charles Alexis Legault,CAR,D,Depth F,Yes,last season,14.3,0.0,2,0,0,0,2,11.9,0.0,2,0,0,2,Not enough games,,12,14.3,8484428
Taylor Hall,CAR,L,Depth F,,last games,14.1,1.8,5,2,2,4,10,14.1,1.8,5,2,4,10,Not enough games,,80,14.5,8475791
Mark Jankowski,CAR,L,Depth F,,last games,13.1,0.7,5,2,1,3,4,13.1,0.7,5,2,3,4,Not enough games,,68,11.2,8476873
Eric Robinson,CAR,L,Depth F,,last games,11.8,0.0,5,1,1,2,8,11.8,0.0,5,1,2,8,Not enough games,,67,11.4,8480762
William Carrier,CAR,L,Depth F,,last games,11.2,0.0,5,0,3,3,5,11.2,0.0,5,0,3,5,Not enough games,,70,10.8,8477478
Jesperi Kotkaniemi,CAR,C,Depth F,,last games,10.5,0.2,3,0,1,1,1,10.5,0.2,3,0,1,1,Not enough games,,42,11.4,8480829
Nicolas Deslauriers,CAR,L,Depth F,,last season,8.5,0.0,2,0,0,0,0,7.2,0.0,2,0,0,0,Not enough games,,31,8.5,8475235
Shayne Gostisbehere,CAR,D,Depth D,Yes,last games,18.9,5.1,5,1,3,4,8,18.9,5.1,5,1,4,8,Not enough games,,55,19.2,8476906
Mike Reilly,CAR,D,Depth D,,last games,12.5,0.0,3,0,0,0,3,12.5,0.0,3,0,0,3,Not enough games,,42,15.0,8476422
Juuso Välimäki,CAR,D,Depth (no NHL data),,no NHL data,0.0,0.0,0,0,0,0,0,,,0,0,0,0,Not enough games,,0,0.0,8479976
Adam Fantilli,CBJ,C,Top-line C,Yes,last season,18.9,2.6,2,1,0,1,3,19.0,2.6,2,1,1,3,Not enough games,,82,18.9,8484166
Zach Werenski,CBJ,D,Top-pair D,Yes,last season,26.6,3.0,2,0,2,2,4,30.2,2.7,2,0,2,4,Not enough games,,75,26.6,8478460
Ivan Provorov,CBJ,D,Top-pair D,,last season,24.8,1.1,0,0,0,0,0,,,0,0,0,0,Not enough games,,82,24.8,8478500
Matthew Knies,CBJ,L,Top-6 F,Yes,last season,18.8,2.7,2,2,2,4,5,16.9,2.6,2,2,4,5,Not enough games,,79,18.8,8482720
Charlie Coyle,CBJ,C,Top-6 F,Yes,last season,18.1,2.0,2,0,3,3,1,17.2,2.4,2,0,3,1,Not enough games,,82,18.1,8475745
Valeri Nichushkin,CBJ,R,Top-6 F,,last season,17.7,1.9,2,0,1,1,2,16.3,1.1,2,0,1,2,Not enough games,,72,17.7,8477501
Conor Garland,CBJ,R,Top-6 F,Yes,last season,17.2,2.1,2,0,0,0,0,12.4,1.1,2,0,0,0,Not enough games,,71,17.2,8478856
Sean Monahan,CBJ,C,Top-6 F,,last season,17.1,1.9,2,1,0,1,2,16.2,1.2,2,1,1,2,Not enough games,,78,17.1,8477497
Denton Mateychuk,CBJ,D,Top-4 D,,last season,19.2,0.6,2,0,1,1,3,27.8,1.1,2,0,1,3,Not enough games,,75,19.2,8483485
Erik Gudbranson,CBJ,D,Top-4 D,,last season,17.8,0.0,2,0,0,0,0,17.2,0.0,2,0,0,0,Not enough games,,37,17.8,8475790
Cole Sillinger,CBJ,C,Depth F,,last season,15.2,0.3,2,1,0,1,5,14.4,0.0,2,1,1,5,Not enough games,,81,15.2,8482705
Mathieu Olivier,CBJ,R,Depth F,,last season,14.2,0.0,2,1,0,1,4,15.0,0.0,2,1,1,4,Not enough games,,61,14.2,8479671
Dmitri Voronkov,CBJ,L,Depth F,,last season,13.9,2.0,2,0,1,1,1,11.8,1.4,2,0,1,1,Not enough games,,63,13.9,8481716
Kent Johnson,CBJ,C,Depth F,,last season,13.2,1.6,2,1,1,2,6,16.1,2.5,2,1,2,6,Not enough games,,76,13.2,8482660
Danton Heinen,CBJ,L,Depth F,,last season,11.3,0.1,2,0,0,0,2,11.8,0.0,2,0,0,2,Not enough games,,46,11.3,8478046
Luca Del Bel Belluz,CBJ,C,Depth F,,last season,9.1,0.2,0,0,0,0,0,,,0,0,0,0,Not enough games,,14,9.1,8483432
Ryan Lomberg,CBJ,L,Depth F,,last season,9.0,0.0,2,0,0,0,2,9.2,0.0,2,0,0,2,Not enough games,,57,9.0,8479066
Dante Fabbro,CBJ,D,Depth D,,last season,16.6,0.0,0,0,0,0,0,,,0,0,0,0,Not enough games,,74,16.6,8479371
Carson Soucy,CBJ,D,Depth D,,last season,16.5,0.0,2,0,0,0,2,18.4,0.0,2,0,0,2,Not enough games,,76,16.5,8477369
Emil Andrae,CBJ,D,Depth D,,last season,15.3,0.4,2,0,1,1,0,14.7,0.0,2,0,1,0,Not enough games,,61,15.3,8482126
Jake Christiansen,CBJ,D,Depth D,,last season,10.0,0.0,2,0,0,0,0,8.4,0.0,2,0,0,0,Not enough games,,40,10.0,8481161
Mikael Backlund,CGY,C,Top-line C,,last games,17.3,0.0,4,1,0,1,17,17.3,0.0,4,1,1,17,Not enough games,,82,17.9,8474150
Kevin Bahl,CGY,D,Top-pair D,,last games,21.4,0.0,4,1,0,1,2,21.4,0.0,4,1,1,2,Not enough games,,76,21.9,8480860
Simon Nemec,CGY,D,Top-pair D,,last games,20.7,0.4,4,0,0,0,8,20.7,0.4,4,0,0,8,Not enough games,,68,19.7,8483495
Jonathan Huberdeau,CGY,L,Top-6 F,Yes,last season,18.1,2.9,0,0,0,0,0,,,0,0,0,0,Not enough games,,50,18.1,8476456
Matt Coronato,CGY,R,Top-6 F,Yes,last games,17.2,1.9,4,1,0,1,7,17.2,1.9,4,1,1,7,Not enough games,,80,16.7,8482679
Joel Farabee,CGY,L,Top-6 F,,last games,16.4,1.9,4,0,3,3,8,16.4,1.9,4,0,3,8,Not enough games,,82,16.9,8480797
Yegor Sharangovich,CGY,C,Top-6 F,,last games,16.1,0.4,4,0,2,2,6,16.1,0.4,4,0,2,6,Not enough games,,78,16.0,8481068
Morgan Frost,CGY,C,Top-6 F,Yes,last games,16.0,1.9,4,1,0,1,9,16.0,1.9,4,1,1,9,Not enough games,,82,15.5,8480028
Zach Whitecloud,CGY,D,Top-4 D,,last games,20.4,0.0,4,0,0,0,3,20.4,0.0,4,0,0,3,Not enough games,,78,20.3,8480727
Zayne Parekh,CGY,D,Top-4 D,Yes,last games,19.3,1.9,4,0,1,1,8,19.3,1.9,4,0,1,8,Not enough games,,37,17.1,8484768
Samuel Honzek,CGY,L,Depth F,,last games,15.6,0.0,4,0,0,0,3,15.6,0.0,4,0,0,3,Not enough games,,18,12.3,8484180
Matvei Gridin,CGY,R,Depth F,Yes,last games,14.5,1.9,4,0,1,1,7,14.5,1.9,4,0,1,7,Not enough games,,37,15.2,8484860
Connor Zary,CGY,C,Depth F,,last season,14.4,1.6,2,0,1,1,2,13.6,0.5,2,0,1,2,Not enough games,,74,14.4,8482074
Ryan Strome,CGY,C,Depth F,,last games,14.1,0.4,4,1,1,2,6,14.1,0.4,4,1,2,6,Not enough games,,52,13.3,8476458
Martin Pospisil,CGY,C,Depth F,,last games,13.4,0.0,4,0,0,0,7,13.4,0.0,4,0,0,7,Not enough games,,22,10.2,8481028
Maxim Tsyplakov,CGY,R,Depth F,,last games,12.1,0.6,3,0,0,0,1,12.1,0.6,3,0,0,1,Not enough games,,49,9.1,8484958
Aydar Suniev,CGY,L,Depth F,,last season,11.6,1.5,1,0,0,0,1,11.7,0.0,1,0,0,1,Not enough games,,6,11.6,8484234
Adam Klapka,CGY,R,Depth F,,last games,10.4,0.0,4,1,0,1,4,10.4,0.0,4,1,1,4,Not enough games,,79,10.6,8483609
Brennan Othmann,CGY,L,Depth F,,last season,10.0,0.3,1,0,0,0,1,10.5,0.8,1,0,0,1,Not enough games,,19,10.0,8482747
Yan Kuznetsov,CGY,D,Depth D,,last games,18.8,0.0,3,0,0,0,6,18.8,0.0,3,0,0,6,Not enough games,,57,20.1,8482165
Jake Middleton,CGY,D,Depth D,,last games,18.5,0.0,4,0,0,0,5,18.5,0.0,4,0,0,5,Not enough games,,75,17.5,8478136
Joel Hanley,CGY,D,Depth D,,last season,14.7,0.0,1,0,0,0,0,16.3,0.0,1,0,0,0,Not enough games,,68,14.7,8477810
Jonathan Castagna,CGY,C,Depth (no NHL data),,no NHL data,0.0,0.0,1,0,1,1,0,9.2,0.0,1,0,1,0,Not enough games,,0,0.0,8484154
Connor Bedard,CHI,C,Top-line C,Yes,last season,20.9,3.5,0,0,0,0,0,,,0,0,0,0,Not enough games,,69,20.9,8484144
Bowen Byram,CHI,D,Top-pair D,Yes,last games,24.5,3.6,4,0,0,0,4,24.5,3.6,4,0,0,4,Not enough games,,82,22.3,8481524
Artyom Levshunov,CHI,D,Top-pair D,,last games,20.3,0.4,5,0,1,1,7,20.3,0.4,5,0,1,7,Not enough games,,68,19.6,8484783
Patrick Kane,CHI,R,Top-6 F,Yes,last games,19.8,3.0,5,1,1,2,6,19.8,3.0,5,1,2,6,Not enough games,,67,17.7,8474141
Roman Kantserov,CHI,R,Top-6 F,Yes,last games,18.9,3.0,5,0,0,0,5,18.9,3.0,5,0,0,5,Not enough games,,0,0.0,8484390
Frank Nazar,CHI,C,Top-6 F,,last games,18.8,1.7,5,2,1,3,9,18.8,1.7,5,2,3,9,Not enough games,,66,18.3,8483493
Anton Frondell,CHI,C,Top-6 F,,last games,18.2,2.6,5,1,3,4,9,18.2,2.6,5,1,4,9,Not enough games,,12,17.7,8485391
Tyler Bertuzzi,CHI,L,Top-6 F,Yes,last games,18.0,3.0,5,1,1,2,4,18.0,3.0,5,1,2,4,Not enough games,,79,18.4,8477479
Alex Vlasic,CHI,D,Top-4 D,,last games,19.8,0.0,5,0,2,2,3,19.8,0.0,5,0,2,3,Not enough games,,81,21.1,8481568
Wyatt Kaiser,CHI,D,Top-4 D,,last games,19.6,0.1,5,0,1,1,3,19.6,0.1,5,0,1,3,Not enough games,,77,19.6,8482176
Ryan Greene,CHI,C,Depth F,,last games,15.2,0.1,5,0,1,1,4,15.2,0.1,5,0,1,4,Not enough games,,81,16.7,8483450
Cole Smith,CHI,R,Depth F,,last games,14.8,0.0,5,1,0,1,5,14.8,0.0,5,1,1,5,Not enough games,,63,13.3,8482062
Jordan Greenway,CHI,L,Depth F,,last games,14.4,0.1,5,1,0,1,11,14.4,0.1,5,1,1,11,Not enough games,,40,12.4,8478413
Andrew Mangiapane,CHI,L,Depth F,,last season,12.5,0.2,1,0,0,0,1,5.4,0.0,1,0,0,1,Not enough games,,62,12.5,8478233
Teuvo Teravainen,CHI,C,Depth F,,last games,12.3,0.0,3,0,2,2,2,12.3,0.0,3,0,2,2,Not enough games,,75,17.8,8476882
Oliver Moore,CHI,C,Depth F,,last games,11.8,1.2,5,1,0,1,6,11.8,1.2,5,1,1,6,Not enough games,,51,12.8,8484197
Ryan Donato,CHI,C,Depth F,,last games,10.7,1.1,5,1,0,1,4,10.7,1.1,5,1,1,4,Not enough games,,82,14.7,8477987
Nick Lardis,CHI,L,Depth F,,last games,10.1,1.2,5,0,2,2,4,10.1,1.2,5,0,2,4,Not enough games,,41,12.7,8484185
Dominic Toninato,CHI,C,Depth F,,last season,9.2,0.0,1,0,0,0,1,8.6,0.1,1,0,0,1,Not enough games,,8,9.2,8476952
Sam Rinzel,CHI,D,Depth D,,last games,17.9,1.3,4,1,1,2,7,17.9,1.3,4,1,2,7,Not enough games,,54,18.3,8483506
Ian Cole,CHI,D,Depth D,,last games,16.5,0.0,5,0,0,0,3,16.5,0.0,5,0,0,3,Not enough games,,82,18.3,8474013
Ethan Del Mastro,CHI,D,Depth D,,last season,14.1,0.0,1,0,0,0,0,15.0,0.0,1,0,0,0,Not enough games,,19,14.1,8482807
Kevin Korchinski,CHI,D,Depth D,,last season,13.6,0.0,1,0,0,0,2,11.4,0.2,1,0,0,2,Not enough games,,13,13.6,8483466
Martin Necas,COL,C,Top-line C,Yes,last games,19.1,3.6,4,2,2,4,13,19.1,3.6,4,2,4,13,Not enough games,,78,21.5,8480039
Cale Makar,COL,D,Top-pair D,Yes,last games,21.5,3.6,4,3,3,6,10,21.5,3.6,4,3,6,10,Not enough games,,75,24.8,8480069
Devon Toews,COL,D,Top-pair D,,last games,19.8,1.5,4,2,2,4,5,19.8,1.5,4,2,4,5,Not enough games,,68,22.4,8478038
Nathan MacKinnon,COL,C,Top-6 F,Yes,last games,18.7,3.4,4,3,5,8,15,18.7,3.4,4,3,8,15,Not enough games,,80,22.3,8477492
Artturi Lehkonen,COL,L,Top-6 F,,last games,18.4,1.6,4,3,1,4,6,18.4,1.6,4,3,4,6,Not enough games,,70,18.5,8477476
Nazem Kadri,COL,C,Top-6 F,,last games,17.9,2.5,4,0,3,3,12,17.9,2.5,4,0,3,12,Not enough games,,77,19.0,8475172
Brock Nelson,COL,C,Top-6 F,,last games,17.0,1.4,4,1,3,4,3,17.0,1.4,4,1,4,3,Not enough games,,81,19.7,8475754
T.J. Hughes,COL,R,Top-6 F,Yes,last games,15.5,3.3,4,0,1,1,11,15.5,3.3,4,0,1,11,Not enough games,,0,0.0,8486171
Brett Kulak,COL,D,Top-4 D,,last games,18.1,0.1,4,0,3,3,2,18.1,0.1,4,0,3,2,Not enough games,,83,19.0,8476967
Josh Manson,COL,D,Top-4 D,,last games,17.1,0.0,4,1,2,3,5,17.1,0.0,4,1,3,5,Not enough games,,79,17.8,8476312
Gabriel Landeskog,COL,L,Depth F,Yes,last games,15.5,2.6,4,1,1,2,5,15.5,2.6,4,1,2,5,Not enough games,,60,16.4,8476455
Fedor Svechkov,COL,C,Depth F,,last games,13.8,0.0,4,1,2,3,4,13.8,0.0,4,1,3,4,Not enough games,,70,12.1,8482768
Jaden Schwartz,COL,L,Depth F,,last games,13.5,1.7,4,3,3,6,9,13.5,1.7,4,3,6,9,Not enough games,,50,16.1,8475768
Zachary L'Heureux,COL,L,Depth F,,last season,13.4,0.4,2,0,1,1,5,9.6,0.0,2,0,1,5,Not enough games,,25,13.4,8482742
Parker Kelly,COL,C,Depth F,,last games,13.2,0.0,4,1,4,5,5,13.2,0.0,4,1,5,5,Not enough games,,82,12.7,8480448
Nicolas Roy,COL,C,Depth F,,last games,12.8,0.0,4,2,1,3,8,12.8,0.0,4,2,3,8,Not enough games,,74,14.5,8478462
Logan O'Connor,COL,R,Depth F,,last season,11.4,0.0,0,0,0,0,0,,,0,0,0,0,Not enough games,,13,11.4,8481186
Brent Burns,COL,D,Depth D,,last games,16.5,0.1,4,0,3,3,6,16.5,0.1,4,0,3,6,Not enough games,,82,18.9,8470613
Sam Malinski,COL,D,Depth D,,last games,16.2,0.1,3,0,0,0,4,16.2,0.1,3,0,0,4,Not enough games,,82,17.6,8484258
Noah Juulsen,COL,D,Depth D,,last games,12.9,0.1,3,0,1,1,1,12.9,0.1,3,0,1,1,Not enough games,,52,13.8,8478454
Wyatt Johnston,DAL,C,Top-line C,Yes,last games,19.5,3.6,4,0,4,4,10,19.5,3.6,4,0,4,10,Not enough games,,82,20.1,8482740
Thomas Harley,DAL,D,Top-pair D,,last games,23.0,1.5,4,0,1,1,3,23.0,1.5,4,0,1,3,Not enough games,,70,23.1,8481581
Miro Heiskanen,DAL,D,Top-pair D,Yes,last games,22.9,3.5,4,2,0,2,9,22.9,3.5,4,2,2,9,Not enough games,,77,25.5,8480036
Mikko Rantanen,DAL,R,Top-6 F,Yes,last games,19.8,4.4,4,2,4,6,9,19.8,4.4,4,2,6,9,Not enough games,,64,20.2,8478420
Jason Robertson,DAL,L,Top-6 F,Yes,last games,17.9,3.8,4,2,1,3,11,17.9,3.8,4,2,3,11,Not enough games,,82,20.3,8480027
Matt Duchene,DAL,C,Top-6 F,,last season,16.5,2.3,0,0,0,0,0,,,0,0,0,0,Not enough games,,57,16.5,8475168
Roope Hintz,DAL,C,Top-6 F,Yes,last games,15.9,3.3,4,1,2,3,9,15.9,3.3,4,1,3,9,Not enough games,,53,17.3,8478449
Justin Hryckowian,DAL,C,Top-6 F,,last games,15.7,1.4,4,0,0,0,2,15.7,1.4,4,0,0,2,Not enough games,,81,13.3,8484829
Esa Lindell,DAL,D,Top-4 D,,last games,19.7,0.4,4,0,0,0,2,19.7,0.4,4,0,0,2,Not enough games,,82,23.2,8476902
Nils Lundkvist,DAL,D,Top-4 D,,last games,17.5,0.0,4,0,1,1,5,17.5,0.0,4,0,1,5,Not enough games,,52,16.5,8480878
Tyler Seguin,DAL,C,Depth F,,last games,14.9,1.2,4,0,0,0,9,14.9,1.2,4,0,0,9,Not enough games,,27,16.7,8475794
Sam Steel,DAL,C,Depth F,,last games,14.4,0.0,4,1,1,2,7,14.4,0.0,4,1,2,7,Not enough games,,73,16.1,8479351
Arttu Hyry,DAL,R,Depth F,,last games,14.4,0.0,4,0,0,0,3,14.4,0.0,4,0,0,3,Not enough games,,20,11.8,8484938
Jamie Benn,DAL,L,Depth F,,last games,12.5,1.0,4,1,1,2,6,12.5,1.0,4,1,2,6,Not enough games,,60,13.3,8473994
Oskar Bäck,DAL,C,Depth F,,last games,12.0,0.0,4,0,1,1,3,12.0,0.0,4,0,1,3,Not enough games,,72,12.4,8480840
Colin Blackwell,DAL,C,Depth F,,last season,11.9,0.0,2,0,0,0,2,9.9,0.0,2,0,0,2,Not enough games,,70,11.9,8476278
Radek Faksa,DAL,C,Depth F,,last games,11.8,0.0,4,0,1,1,4,11.8,0.0,4,0,1,4,Not enough games,,58,11.7,8476889
Joel Kiviranta,DAL,L,Depth F,,last season,10.4,0.1,2,1,0,1,3,10.5,0.1,2,1,1,3,Not enough games,,51,10.4,8481641
Lian Bichsel,DAL,D,Depth D,,last games,17.0,0.0,4,0,0,0,0,17.0,0.0,4,0,0,0,Not enough games,,50,15.7,8483425
Tyler Myers,DAL,D,Depth D,,last games,15.6,0.0,4,0,0,0,2,15.6,0.0,4,0,0,2,Not enough games,,73,19.5,8474574
Kyle Capobianco,DAL,D,Depth D,,last season,12.1,0.4,0,0,0,0,0,,,0,0,0,0,Not enough games,,33,12.1,8478476
Kyle Burroughs,DAL,D,Depth (no NHL data),,no NHL data,0.0,0.0,0,0,0,0,0,,,0,0,0,0,Not enough games,,0,0.0,8477335
Andrew Copp,DET,C,Top-line C,Yes,last games,21.5,3.6,3,0,1,1,5,21.5,3.6,3,0,1,5,Not enough games,,79,16.6,8477429
Moritz Seider,DET,D,Top-pair D,Yes,last games,25.0,5.1,3,0,1,1,8,25.0,5.1,3,0,1,8,Not enough games,,82,25.7,8481542
Justin Faulk,DET,D,Top-pair D,,last games,19.8,2.2,3,1,1,2,7,19.8,2.2,3,1,2,7,Not enough games,,78,22.0,8475753
Lucas Raymond,DET,L,Top-6 F,Yes,last games,21.2,5.1,3,0,3,3,10,21.2,5.1,3,0,3,10,Not enough games,,80,18.8,8482078
Alex DeBrincat,DET,R,Top-6 F,Yes,last games,20.6,4.9,3,2,2,4,8,20.6,4.9,3,2,4,8,Not enough games,,82,18.5,8479337
Dylan Larkin,DET,C,Top-6 F,,last season,20.2,3.3,1,1,1,2,4,20.7,6.0,1,1,2,4,Not enough games,,74,20.2,8477946
Viktor Arvidsson,DET,L,Top-6 F,Yes,last games,18.3,4.5,3,2,1,3,8,18.3,4.5,3,2,3,8,Not enough games,,69,14.6,8478042
Michael Rasmussen,DET,C,Top-6 F,,last games,17.0,2.0,3,0,0,0,4,17.0,2.0,3,0,0,4,Not enough games,,64,12.6,8479992
Ben Chiarot,DET,D,Top-4 D,,last games,18.0,0.0,3,0,0,0,3,18.0,0.0,3,0,0,3,Not enough games,,82,20.8,8475279
Anton Johansson,DET,D,Top-4 D,,last games,16.6,0.0,3,0,0,0,0,16.6,0.0,3,0,0,0,Not enough games,,0,0.0,8483679
Emmitt Finnie,DET,C,Depth F,,last games,16.5,1.8,3,1,0,1,5,16.5,1.8,3,1,1,5,Not enough games,,82,15.5,8484471
J.T. Compher,DET,L,Depth F,,last season,15.7,0.7,2,0,0,0,3,14.7,0.0,2,0,0,3,Not enough games,,82,15.7,8477456
Michael Brandsegg-Nygård,DET,R,Depth F,,last games,13.9,1.2,3,0,1,1,10,13.9,1.2,3,0,1,10,Not enough games,,14,12.5,8484794
Marco Kasper,DET,C,Depth F,,last season,13.8,0.8,1,0,0,0,4,10.8,1.0,1,0,0,4,Not enough games,,81,13.8,8483464
Mason Appleton,DET,C,Depth F,,last season,13.5,0.1,2,0,0,0,1,9.8,0.0,2,0,0,1,Not enough games,,65,13.5,8478891
Keegan Kolesar,DET,R,Depth F,,last games,12.1,0.0,3,0,0,0,1,12.1,0.0,3,0,0,1,Not enough games,,82,11.5,8478434
Carter Mazur,DET,L,Depth F,,last season,10.7,0.1,1,0,1,1,1,7.4,0.0,1,0,1,1,Not enough games,,8,10.7,8482802
Nate Danielson,DET,C,Depth F,,last games,8.6,0.3,3,0,1,1,2,8.6,0.3,3,0,1,2,Not enough games,,28,11.1,8484160
Sheldon Dries,DET,C,Depth F,,last season,7.0,0.1,0,0,0,0,0,,,0,0,0,0,Not enough games,,5,7.0,8480326
Albert Johansson,DET,D,Depth D,,last games,15.7,0.0,3,0,0,0,4,15.7,0.0,3,0,0,4,Not enough games,,82,15.9,8481607
Jacob Bernard-Docker,DET,D,Depth D,,last season,14.8,0.0,0,0,0,0,0,,,0,0,0,0,Not enough games,,63,14.8,8480879
Axel Sandin-Pellikka,DET,D,Depth D,,last games,14.5,2.1,3,0,0,0,6,14.5,2.1,3,0,0,6,Not enough games,,68,16.2,8484223
Andreas Englund,DET,D,Depth D,,last season,8.8,0.0,1,0,0,0,0,7.2,0.0,1,0,0,0,Not enough games,,3,8.8,8477971
William Wallinder,DET,D,Depth (no NHL data),,no NHL data,0.0,0.0,1,0,1,1,0,9.1,0.0,1,0,1,0,Not enough games,,0,0.0,8482171
Connor McDavid,EDM,C,Top-line C,Yes,last games,23.9,4.7,4,3,9,12,8,23.9,4.7,4,3,12,8,Not enough games,,82,23.0,8478402
Evan Bouchard,EDM,D,Top-pair D,Yes,last games,25.0,4.6,4,6,5,11,16,25.0,4.6,4,6,11,16,Not enough games,,82,24.7,8480803
Ryan Shea,EDM,D,Top-pair D,,last games,22.9,2.1,4,1,2,3,3,22.9,2.1,4,1,3,3,Not enough games,,80,18.9,8478854
Leon Draisaitl,EDM,C,Top-6 F,Yes,last games,21.2,4.7,4,3,6,9,18,21.2,4.7,4,3,9,18,Not enough games,,65,21.6,8477934
Zach Hyman,EDM,L,Top-6 F,Yes,last season,20.0,3.6,1,0,0,0,3,20.6,5.1,1,0,0,3,Not enough games,,58,20.0,8475786
Ryan Nugent-Hopkins,EDM,C,Top-6 F,,last season,19.1,3.5,0,0,0,0,0,,,0,0,0,0,Not enough games,,72,19.1,8476454
Vasily Podkolzin,EDM,R,Top-6 F,Yes,last games,18.7,4.4,4,4,2,6,16,18.7,4.4,4,4,6,16,Not enough games,,82,15.4,8481617
Kasperi Kapanen,EDM,R,Top-6 F,,last games,17.7,3.5,4,2,1,3,8,17.7,3.5,4,2,3,8,Not enough games,,41,14.6,8477953
Mattias Ekholm,EDM,D,Top-4 D,,last games,21.6,0.1,4,0,1,1,3,21.6,0.1,4,0,1,3,Not enough games,,82,20.6,8475218
Connor Murphy,EDM,D,Top-4 D,,last games,20.5,0.0,4,0,0,0,3,20.5,0.0,4,0,0,3,Not enough games,,80,17.5,8476473
Jason Dickinson,EDM,C,Depth F,,last season,15.5,0.1,1,0,0,0,1,9.6,0.0,1,0,0,1,Not enough games,,64,15.5,8477450
Alex Formenton,EDM,L,Depth F,,last games,15.2,0.0,4,0,2,2,4,15.2,0.0,4,0,2,4,Not enough games,,0,0.0,8480029
Mathieu Joseph,EDM,R,Depth F,,last games,15.0,0.1,4,0,1,1,3,15.0,0.1,4,0,1,3,Not enough games,,51,12.0,8478472
Matt Savoie,EDM,C,Depth F,,last season,14.8,0.8,0,0,0,0,0,,,0,0,0,0,Not enough games,,82,14.8,8483512
Colton Dach,EDM,C,Depth F,,last games,13.4,1.1,3,0,0,0,5,13.4,1.1,3,0,0,5,Not enough games,,61,11.5,8482703
Filip Hallander,EDM,C,Depth F,,last season,13.1,0.3,2,1,2,3,3,10.3,0.0,2,1,3,3,Not enough games,,13,13.1,8480842
Owen Michaels,EDM,R,Depth F,,last games,12.4,0.1,4,2,0,2,5,12.4,0.1,4,2,2,5,Not enough games,,0,0.0,8486161
Mattias Janmark,EDM,C,Depth F,,last season,11.9,0.0,0,0,0,0,0,,,0,0,0,0,Not enough games,,43,11.9,8477406
Max Jones,EDM,L,Depth F,,last games,10.3,0.3,4,0,0,0,4,10.3,0.3,4,0,0,4,Not enough games,,21,8.3,8479368
Isaac Howard,EDM,L,Depth F,,last games,10.1,2.0,4,0,1,1,5,10.1,2.0,4,0,1,5,Not enough games,,29,10.3,8483455
Trent Frederic,EDM,C,Depth F,,last games,10.0,1.9,4,1,0,1,3,10.0,1.9,4,1,1,3,Not enough games,,74,11.0,8479365
Josh Samanski,EDM,C,Depth F,,last games,8.3,0.7,3,0,0,0,0,8.3,0.7,3,0,0,0,Not enough games,,24,10.6,8484509
Shakir Mukhamadullin,EDM,D,Depth D,,last season,17.1,0.1,2,0,0,0,0,11.5,0.0,2,0,0,0,Not enough games,,50,17.1,8482166
Ty Emberson,EDM,D,Depth D,,last season,15.5,0.0,2,0,0,0,0,11.3,0.0,2,0,0,0,Not enough games,,72,15.5,8480834
Jake Walman,EDM,D,Depth D,,last games,14.8,2.1,4,0,0,0,5,14.8,2.1,4,0,0,5,Not enough games,,53,18.8,8478013
Alec Regula,EDM,D,Depth D,,last season,14.5,0.0,0,0,0,0,0,,,0,0,0,0,Not enough games,,29,14.5,8480831
Sam Reinhart,FLA,C,Top-line C,Yes,last games,22.0,7.0,4,0,0,0,10,22.0,7.0,4,0,0,10,Not enough games,,64,21.3,8477933
Seth Jones,FLA,D,Top-pair D,Yes,last games,27.7,6.7,4,1,0,1,9,27.7,6.7,4,1,1,9,Not enough games,,52,23.7,8477495
Aaron Ekblad,FLA,D,Top-pair D,,last season,22.5,2.2,2,0,1,1,0,20.9,4.1,2,0,1,0,Not enough games,,72,22.5,8477932
Matthew Tkachuk,FLA,L,Top-6 F,Yes,last games,21.7,7.9,4,2,1,3,7,21.7,7.9,4,2,3,7,Not enough games,,31,18.3,8479314
Sam Bennett,FLA,C,Top-6 F,Yes,last games,20.3,5.3,4,0,3,3,7,20.3,5.3,4,0,3,7,Not enough games,,76,18.5,8477935
Anton Lundell,FLA,C,Top-6 F,,last games,19.0,4.1,4,0,1,1,10,19.0,4.1,4,0,1,10,Not enough games,,64,19.2,8482113
Carter Verhaeghe,FLA,C,Top-6 F,,last games,18.4,3.3,4,1,1,2,7,18.4,3.3,4,1,2,7,Not enough games,,77,17.6,8477409
Brad Marchand,FLA,L,Top-6 F,,last season,17.7,3.7,2,1,0,1,5,11.4,1.3,2,1,1,5,Not enough games,,52,17.7,8473419
Gustav Forsling,FLA,D,Top-4 D,,last games,21.5,1.0,3,1,0,1,4,21.5,1.0,3,1,1,4,Not enough games,,80,22.6,8478055
Niko Mikkola,FLA,D,Top-4 D,,last games,20.7,0.1,4,0,0,0,9,20.7,0.1,4,0,0,9,Not enough games,,68,20.4,8478859
Brady Tkachuk,FLA,L,Depth F,Yes,last games,17.4,6.2,4,0,0,0,11,17.4,6.2,4,0,0,11,Not enough games,,60,17.0,8480801
Eetu Luostarinen,FLA,C,Depth F,,last games,15.6,1.8,4,2,0,2,6,15.6,1.8,4,2,2,6,Not enough games,,73,16.6,8480185
Lars Eller,FLA,C,Depth F,,last games,12.7,0.1,4,0,3,3,5,12.7,0.1,4,0,3,5,Not enough games,,68,11.4,8474189
Sandis Vilmanis,FLA,L,Depth F,,last games,12.3,0.5,4,0,0,0,7,12.3,0.5,4,0,0,7,Not enough games,,19,10.4,8483771
Sam Lafferty,FLA,C,Depth F,,last season,8.6,0.0,0,0,0,0,0,,,0,0,0,0,Not enough games,,29,8.6,8478043
Garnet Hathaway,FLA,R,Depth F,,last games,8.3,0.0,4,0,0,0,1,8.3,0.0,4,0,0,1,Not enough games,,66,10.4,8477903
Jonah Gadjovich,FLA,L,Depth F,,last season,7.9,0.0,0,0,0,0,0,,,0,0,0,0,Not enough games,,10,7.9,8479981
Bokondji Imama,FLA,L,Depth F,,last games,6.3,0.0,4,0,0,0,1,6.3,0.0,4,0,0,1,Not enough games,,2,7.6,8478147
Dmitry Kulikov,FLA,D,Depth D,,last games,16.4,0.0,4,0,1,1,1,16.4,0.0,4,0,1,1,Not enough games,,19,18.0,8475179
Uvis Balinskis,FLA,D,Depth D,,last games,13.9,1.8,3,0,0,0,2,13.9,1.8,3,0,0,2,Not enough games,,54,16.4,8484304
Radko Gudas,FLA,D,Depth D,,last games,13.0,0.0,4,0,0,0,2,13.0,0.0,4,0,0,2,Not enough games,,56,16.2,8475462
Aleksander Barkov,FLA,C,Depth (no NHL data),,no NHL data,0.0,0.0,2,0,0,0,2,14.9,4.7,2,0,0,2,Not enough games,,0,0.0,8477493
Alex Turcotte,LAK,C,Top-line C,,last games,14.1,1.6,3,0,1,1,1,14.1,1.6,3,0,1,1,Not enough games,,62,10.8,8481532
Drew Doughty,LAK,D,Top-pair D,,last games,19.9,1.3,3,0,1,1,1,19.9,1.3,3,0,1,1,Not enough games,,72,23.1,8474563
Brandt Clarke,LAK,D,Top-pair D,Yes,last games,19.6,3.5,3,0,2,2,6,19.6,3.5,3,0,2,6,Not enough games,,82,19.8,8482730
Adrian Kempe,LAK,R,Top-6 F,Yes,last games,21.0,4.2,3,1,1,2,12,21.0,4.2,3,1,2,12,Not enough games,,81,19.3,8477960
Artemi Panarin,LAK,L,Top-6 F,Yes,last games,21.0,5.3,3,2,1,3,10,21.0,5.3,3,2,3,10,Not enough games,,78,20.8,8478550
Quinton Byfield,LAK,R,Top-6 F,Yes,last games,20.9,4.5,3,1,1,2,7,20.9,4.5,3,1,2,7,Not enough games,,79,20.0,8482124
Kevin Fiala,LAK,L,Top-6 F,,last season,19.1,3.4,0,0,0,0,0,,,0,0,0,0,Not enough games,,56,19.1,8477942
Mats Zuccarello,LAK,R,Top-6 F,Yes,last games,18.2,4.2,3,0,1,1,1,18.2,4.2,3,0,1,1,Not enough games,,59,18.6,8475692
Alex Laferriere,LAK,R,Top-6 F,,last games,16.5,2.0,3,1,2,3,5,16.5,2.0,3,1,3,5,Not enough games,,82,18.3,8482155
Erik Gustafsson,LAK,D,Top-4 D,,last season,18.7,1.1,2,0,1,1,2,16.1,1.3,2,0,1,2,Not enough games,,2,18.7,8476979
Cody Ceci,LAK,D,Top-4 D,,last games,17.7,0.0,3,0,1,1,3,17.7,0.0,3,0,1,3,Not enough games,,82,17.6,8476879
Trevor Moore,LAK,L,Depth F,,last games,15.8,0.0,3,1,0,1,6,15.8,0.0,3,1,1,6,Not enough games,,69,16.7,8479675
Erik Haula,LAK,L,Depth F,,last games,15.4,1.3,3,1,2,3,8,15.4,1.3,3,1,3,8,Not enough games,,81,16.7,8475287
Scott Laughton,LAK,C,Depth F,,last games,14.0,0.1,3,0,0,0,5,14.0,0.1,3,0,0,5,Not enough games,,64,14.4,8476872
Corey Perry,LAK,R,Depth F,,last season,13.7,2.3,2,0,0,0,3,10.8,1.1,2,0,0,3,Not enough games,,72,13.7,8470621
Joel Armia,LAK,R,Depth F,,last games,13.0,0.5,3,1,0,1,4,13.0,0.5,3,1,1,4,Not enough games,,67,14.1,8476469
Andre Lee,LAK,L,Depth F,,last season,10.3,0.0,1,0,0,0,1,7.9,0.0,1,0,0,1,Not enough games,,7,10.3,8481732
Samuel Helenius,LAK,C,Depth F,,last season,8.0,0.0,1,0,0,0,1,7.0,0.0,1,0,0,1,Not enough games,,53,8.0,8482726
Mikey Anderson,LAK,D,Depth D,,last games,17.3,0.1,3,0,1,1,3,17.3,0.1,3,0,1,3,Not enough games,,80,20.6,8479998
Brian Dumoulin,LAK,D,Depth D,,last games,15.3,0.1,3,1,0,1,3,15.3,0.1,3,1,1,3,Not enough games,,82,17.8,8475208
Joel Edmundson,LAK,D,Depth D,,last games,14.0,0.0,3,0,0,0,4,14.0,0.0,3,0,0,4,Not enough games,,82,18.5,8476441
Joel Eriksson Ek,MIN,C,Top-line C,Yes,last games,20.0,3.9,4,0,1,1,11,20.0,3.9,4,0,1,11,Not enough games,,70,19.1,8478493
Quinn Hughes,MIN,D,Top-pair D,Yes,last games,28.0,4.3,4,2,4,6,14,28.0,4.3,4,2,6,14,Not enough games,,74,27.7,8480800
Brock Faber,MIN,D,Top-pair D,,last season,24.7,1.1,0,0,0,0,0,,,0,0,0,0,Not enough games,,80,24.7,8482122
Kirill Kaprizov,MIN,L,Top-6 F,Yes,last games,21.9,4.0,4,3,1,4,9,21.9,4.0,4,3,4,9,Not enough games,,78,22.1,8478864
Matt Boldy,MIN,L,Top-6 F,Yes,last games,21.3,4.2,4,0,0,0,19,21.3,4.2,4,0,0,19,Not enough games,,76,20.6,8481557
Maxim Shabanov,MIN,R,Top-6 F,Yes,last games,16.0,3.6,4,1,1,2,5,16.0,3.6,4,1,2,5,Not enough games,,44,13.7,8485702
Blake Coleman,MIN,L,Top-6 F,,last games,14.8,1.1,4,2,1,3,11,14.8,1.1,4,2,3,11,Not enough games,,69,17.3,8476399
Michael McCarron,MIN,C,Top-6 F,,last games,14.1,0.0,4,0,3,3,9,14.1,0.0,4,0,3,9,Not enough games,,79,14.0,8477446
Jared Spurgeon,MIN,D,Top-4 D,,last games,21.5,0.8,4,1,3,4,5,21.5,0.8,4,1,4,5,Not enough games,,79,19.6,8474716
Olli Maatta,MIN,D,Top-4 D,,last games,21.4,0.0,3,0,1,1,1,21.4,0.0,3,0,1,1,Not enough games,,43,17.2,8476874
Yakov Trenin,MIN,C,Depth F,,last games,13.4,0.0,4,0,0,0,4,13.4,0.0,4,0,0,4,Not enough games,,82,13.3,8478508
Danila Yurov,MIN,R,Depth F,,last games,12.7,0.8,4,1,1,2,4,12.7,0.8,4,1,2,4,Not enough games,,73,13.3,8483525
Ryan Hartman,MIN,R,Depth F,,last games,12.3,1.1,4,0,1,1,0,12.3,1.1,4,0,1,0,Not enough games,,76,16.7,8477451
Marcus Foligno,MIN,L,Depth F,,last games,12.2,0.0,4,0,0,0,4,12.2,0.0,4,0,0,4,Not enough games,,56,12.8,8475220
Bobby Brink,MIN,R,Depth F,,last games,12.1,1.4,4,0,3,3,6,12.1,1.4,4,0,3,6,Not enough games,,68,15.2,8481553
Nico Sturm,MIN,C,Depth F,,last season,10.9,0.0,1,0,0,0,1,10.9,0.0,1,0,0,1,Not enough games,,49,10.9,8481477
Nick Foligno,MIN,L,Depth F,,last games,10.0,0.0,3,1,0,1,3,10.0,0.0,3,1,1,3,Not enough games,,54,12.6,8473422
Viking Gustafsson Nyberg,MIN,D,Depth D,,last season,21.3,0.0,0,0,0,0,0,,,0,0,0,0,Not enough games,,2,21.3,8486166
Jonas Brodin,MIN,D,Depth D,,last games,21.1,0.0,4,0,0,0,3,21.1,0.0,4,0,0,3,Not enough games,,62,20.3,8476463
Zach Bogosian,MIN,D,Depth D,,last games,16.0,0.0,4,0,0,0,5,16.0,0.0,4,0,0,5,Not enough games,,41,14.5,8474567
Daemon Hunt,MIN,D,Depth D,,last games,12.1,0.0,4,0,0,0,1,12.1,0.0,4,0,0,1,Not enough games,,32,12.4,8482094
David Spacek,MIN,D,Depth D,,last season,10.8,0.0,1,0,0,0,1,8.4,0.0,1,0,0,1,Not enough games,,2,10.8,8483766
Rieger Lorenz,MIN,L,Depth (no NHL data),,no NHL data,0.0,0.0,0,0,0,0,0,,,0,0,0,0,Not enough games,,0,0.0,8483478
Nick Suzuki,MTL,C,Top-line C,Yes,last games,21.1,3.5,4,3,4,7,9,21.1,3.5,4,3,7,9,Not enough games,,82,20.8,8480018
Lane Hutson,MTL,D,Top-pair D,Yes,last games,26.8,3.7,4,0,4,4,9,26.8,3.7,4,0,4,9,Not enough games,,82,23.8,8483457
Mike Matheson,MTL,D,Top-pair D,,last games,24.4,0.2,4,0,1,1,7,24.4,0.2,4,0,1,7,Not enough games,,78,24.2,8476875
Cole Caufield,MTL,R,Top-6 F,Yes,last games,19.6,3.5,4,2,0,2,13,19.6,3.5,4,2,2,13,Not enough games,,81,18.2,8481540
Juraj Slafkovský,MTL,L,Top-6 F,Yes,last games,18.3,3.5,4,1,0,1,10,18.3,3.5,4,1,1,10,Not enough games,,82,18.5,8483515
Alex Newhook,MTL,C,Top-6 F,,last games,16.4,1.3,4,1,1,2,4,16.4,1.3,4,1,2,4,Not enough games,,42,14.5,8481618
Ivan Demidov,MTL,R,Top-6 F,Yes,last season,15.5,3.0,2,1,1,2,4,15.6,2.7,2,1,2,4,Not enough games,,82,15.5,8484984
Phillip Danault,MTL,C,Top-6 F,,last games,14.9,0.3,4,0,1,1,5,14.9,0.3,4,0,1,5,Not enough games,,75,15.6,8476479
Noah Dobson,MTL,D,Top-4 D,,last games,22.5,1.3,4,0,1,1,6,22.5,1.3,4,0,1,6,Not enough games,,80,22.5,8480865
Alexandre Carrier,MTL,D,Top-4 D,,last games,17.6,0.0,4,1,1,2,5,17.6,0.0,4,1,2,5,Not enough games,,73,19.1,8478851
Chris Kreider,MTL,L,Depth F,,last games,14.7,2.9,4,1,3,4,3,14.7,2.9,4,1,4,3,Not enough games,,75,17.0,8475184
Oliver Kapanen,MTL,C,Depth F,,last season,14.5,1.0,0,0,0,0,0,,,0,0,0,0,Not enough games,,82,14.5,8482775
Jake Evans,MTL,C,Depth F,,last games,14.1,0.0,4,0,0,0,3,14.1,0.0,4,0,0,3,Not enough games,,68,15.4,8478133
Zachary Bolduc,MTL,R,Depth F,,last games,13.1,1.3,4,3,0,3,7,13.1,1.3,4,3,3,7,Not enough games,,78,13.6,8482737
Josh Anderson,MTL,R,Depth F,,last games,13.0,0.0,4,1,2,3,10,13.0,0.0,4,1,3,10,Not enough games,,72,14.0,8476981
Alexandre Texier,MTL,L,Depth F,,last games,11.8,1.3,4,0,2,2,2,11.8,1.3,4,0,2,2,Not enough games,,51,13.7,8480074
Kirby Dach,MTL,C,Depth F,,last games,10.0,0.6,4,0,1,1,1,10.0,0.6,4,0,1,1,Not enough games,,37,13.7,8481523
Florian Xhekaj,MTL,L,Depth F,,last season,9.6,0.0,2,0,0,0,2,7.6,0.0,2,0,0,2,Not enough games,,5,9.6,8484403
Adam Engstrom,MTL,D,Depth D,,last season,13.1,0.2,1,0,0,0,0,11.8,0.0,1,0,0,0,Not enough games,,15,13.1,8483686
Jayden Struble,MTL,D,Depth D,,last games,12.1,0.0,3,0,0,0,0,12.1,0.0,3,0,0,0,Not enough games,,59,14.0,8481593
Arber Xhekaj,MTL,D,Depth D,,last games,11.8,0.0,4,0,0,0,2,11.8,0.0,4,0,0,2,Not enough games,,65,11.4,8482964
Jack Hughes,NJD,C,Top-line C,Yes,last games,22.8,5.6,3,1,1,2,13,22.8,5.6,3,1,2,13,Not enough games,,61,21.3,8481559
Luke Hughes,NJD,D,Top-pair D,Yes,last games,24.1,5.3,3,1,0,1,11,24.1,5.3,3,1,1,11,Not enough games,,68,23.0,8482684
Dougie Hamilton,NJD,D,Top-pair D,,last games,22.2,2.8,3,1,1,2,10,22.2,2.8,3,1,2,10,Not enough games,,77,21.5,8476462
Nico Hischier,NJD,C,Top-6 F,Yes,last games,20.5,5.3,3,0,0,0,5,20.5,5.3,3,0,0,5,Not enough games,,82,20.7,8480002
Jesper Bratt,NJD,L,Top-6 F,Yes,last games,18.7,5.1,3,0,2,2,10,18.7,5.1,3,0,2,10,Not enough games,,82,18.8,8479407
Luke Evangelista,NJD,R,Top-6 F,Yes,last games,18.5,5.3,3,2,1,3,9,18.5,5.3,3,2,3,9,Not enough games,,81,16.6,8482146
Timo Meier,NJD,R,Top-6 F,,last games,18.3,3.7,3,0,1,1,18,18.3,3.7,3,0,1,18,Not enough games,,77,18.5,8478414
Connor Brown,NJD,R,Top-6 F,,last season,17.6,1.5,0,0,0,0,0,,,0,0,0,0,Not enough games,,75,17.6,8477015
Brett Pesce,NJD,D,Top-4 D,,last games,19.8,0.1,3,0,0,0,3,19.8,0.1,3,0,0,3,Not enough games,,37,20.3,8477488
Jonas Siegenthaler,NJD,D,Top-4 D,,last games,18.9,0.1,3,0,0,0,2,18.9,0.1,3,0,0,2,Not enough games,,82,19.5,8478399
Evan Rodrigues,NJD,C,Depth F,,last games,16.4,2.9,3,0,0,0,2,16.4,2.9,3,0,0,2,Not enough games,,69,17.0,8478542
Arseny Gritsyuk,NJD,R,Depth F,,last games,15.3,2.4,3,0,0,0,6,15.3,2.4,3,0,0,6,Not enough games,,66,15.2,8481721
Anthony Mantha,NJD,R,Depth F,,last games,15.0,2.7,3,0,0,0,3,15.0,2.7,3,0,0,3,Not enough games,,81,15.2,8477511
Dawson Mercer,NJD,C,Depth F,,last games,14.1,0.3,3,0,0,0,8,14.1,0.3,3,0,0,8,Not enough games,,82,18.2,8482110
Jesper Boqvist,NJD,C,Depth F,,last season,11.8,0.5,1,1,0,1,2,9.8,0.0,1,1,1,2,Not enough games,,73,11.8,8480003
Stefan Noesen,NJD,R,Depth F,,last season,11.8,1.6,2,0,0,0,2,7.4,0.5,2,0,0,2,Not enough games,,38,11.8,8476474
Cody Glass,NJD,C,Depth F,,last games,10.8,0.5,3,0,0,0,4,10.8,0.5,3,0,0,4,Not enough games,,70,13.6,8479996
Amadeus Lombardi,NJD,C,Depth F,,last games,8.8,0.5,3,0,0,0,4,8.8,0.5,3,0,0,4,Not enough games,,0,0.0,8483695
Declan Chisholm,NJD,D,Depth D,,last games,14.1,0.3,3,0,1,1,2,14.1,0.3,3,0,1,2,Not enough games,,26,13.7,8480990
Brenden Dillon,NJD,D,Depth D,,last games,13.3,0.0,3,0,0,0,0,13.3,0.0,3,0,0,0,Not enough games,,82,18.0,8475455
Ryan O'Reilly,NSH,C,Top-line C,Yes,last games,22.0,3.8,4,1,2,3,8,22.0,3.8,4,1,3,8,Not enough games,,81,20.4,8475158
Roman Josi,NSH,D,Top-pair D,Yes,last games,26.0,4.1,4,1,4,5,6,26.0,4.1,4,1,5,6,Not enough games,,68,24.9,8474600
Brady Skjei,NSH,D,Top-pair D,,last games,20.8,0.2,4,0,2,2,2,20.8,0.2,4,0,2,2,Not enough games,,82,22.6,8476869
Filip Forsberg,NSH,L,Top-6 F,Yes,last games,20.5,4.3,4,0,4,4,8,20.5,4.3,4,0,4,8,Not enough games,,82,18.9,8476887
Steven Stamkos,NSH,C,Top-6 F,Yes,last games,19.8,4.1,4,3,3,6,10,19.8,4.1,4,3,6,10,Not enough games,,82,17.8,8474564
Jonathan Marchessault,NSH,C,Top-6 F,,last games,16.3,2.5,4,0,0,0,5,16.3,2.5,4,0,0,5,Not enough games,,62,16.7,8476539
Matthew Wood,NSH,R,Top-6 F,Yes,last games,16.0,3.0,4,1,1,2,5,16.0,3.0,4,1,2,5,Not enough games,,71,12.3,8484241
Alexander Kerfoot,NSH,C,Top-6 F,,last games,15.8,1.4,4,1,2,3,4,15.8,1.4,4,1,3,4,Not enough games,,34,12.8,8477021
Nick Perbix,NSH,D,Top-4 D,,last games,19.6,0.1,4,0,0,0,3,19.6,0.1,4,0,0,3,Not enough games,,79,19.1,8480246
Nicolas Hague,NSH,D,Top-4 D,,last games,18.6,0.0,4,0,0,0,1,18.6,0.0,4,0,0,1,Not enough games,,62,19.6,8479980
Mavrik Bourque,NSH,C,Depth F,,last games,15.8,1.3,4,0,1,1,7,15.8,1.3,4,0,1,7,Not enough games,,82,15.5,8482145
Jack Drury,NSH,C,Depth F,,last games,14.7,0.0,4,0,1,1,3,14.7,0.0,4,0,1,3,Not enough games,,82,14.5,8480835
Ryan Ufko,NSH,D,Depth F,,last season,13.9,1.6,1,0,0,0,1,15.4,2.9,1,0,0,1,Not enough games,,18,13.9,8482715
Ross Colton,NSH,C,Depth F,,last games,13.2,0.4,4,0,1,1,5,13.2,0.4,4,0,1,5,Not enough games,,73,12.5,8479525
Adam Edstrom,NSH,C,Depth F,,last games,12.3,0.0,4,2,0,2,10,12.3,0.0,4,2,2,10,Not enough games,,35,9.5,8481726
Nils Hoglander,NSH,L,Depth F,,last games,11.4,0.7,4,3,0,3,5,11.4,0.7,4,3,3,5,Not enough games,,38,11.5,8481535
Reid Schaefer,NSH,L,Depth F,,last season,9.6,0.0,2,0,0,0,3,10.6,0.0,2,0,0,3,Not enough games,,47,9.6,8483513
Adam Wilsby,NSH,D,Depth D,,last games,16.6,0.0,4,0,2,2,3,16.6,0.0,4,0,2,3,Not enough games,,58,17.0,8482482
Ilya Lyubushkin,NSH,D,Depth D,,last season,15.7,0.0,0,0,0,0,0,,,0,0,0,0,Not enough games,,53,15.7,8480950
Jack Ahcan,NSH,D,Depth D,,last season,11.5,0.0,2,0,1,1,0,6.9,0.8,2,0,1,0,Not enough games,,11,11.5,8482072
William Trudeau,NSH,D,Depth D,,last games,9.2,0.0,3,0,0,0,2,9.2,0.0,3,0,0,2,Not enough games,,0,0.0,8482806
Vitali Pinchuk,NSH,C,Depth (no NHL data),,no NHL data,0.0,0.0,0,0,0,0,0,,,0,0,0,0,Not enough games,,0,0.0,8486189
Bo Horvat,NYI,C,Top-line C,Yes,last games,19.2,3.7,4,4,1,5,14,19.2,3.7,4,4,5,14,Not enough games,,68,20.8,8477500
Matthew Schaefer,NYI,D,Top-pair D,Yes,last games,25.0,4.2,4,0,3,3,11,25.0,4.2,4,0,3,11,Not enough games,,82,24.7,8485366
Adam Pelech,NYI,D,Top-pair D,,last games,20.5,0.2,4,0,2,2,2,20.5,0.2,4,0,2,2,Not enough games,,82,20.9,8476917
Simon Holmstrom,NYI,R,Top-6 F,,last games,17.0,1.8,4,1,1,2,2,17.0,1.8,4,1,2,2,Not enough games,,79,16.7,8481601
Emil Heineman,NYI,L,Top-6 F,,last games,15.8,0.3,4,2,0,2,3,15.8,0.3,4,2,2,3,Not enough games,,82,16.6,8482476
Kyle Palmieri,NYI,C,Top-6 F,Yes,last games,15.8,3.9,4,0,0,0,9,15.8,3.9,4,0,0,9,Not enough games,,25,18.9,8475151
Matias Maccelli,NYI,L,Top-6 F,Yes,last games,15.4,3.9,4,0,2,2,6,15.4,3.9,4,0,2,6,Not enough games,,71,14.6,8481711
Brayden Schenn,NYI,C,Top-6 F,Yes,last games,15.2,3.7,4,1,3,4,8,15.2,3.7,4,1,4,8,Not enough games,,80,16.8,8475170
Logan Stanley,NYI,D,Top-4 D,,last games,19.4,0.0,4,0,4,4,2,19.4,0.0,4,0,4,2,Not enough games,,76,16.7,8479378
Ryan Pulock,NYI,D,Top-4 D,,last games,17.7,0.1,4,0,0,0,1,17.7,0.1,4,0,0,1,Not enough games,,76,20.8,8477506
Jean-Gabriel Pageau,NYI,C,Depth F,,last games,14.7,0.1,4,0,2,2,3,14.7,0.1,4,0,2,3,Not enough games,,74,15.7,8476419
Calum Ritchie,NYI,C,Depth F,,last games,14.5,2.0,4,1,1,2,5,14.5,2.0,4,1,2,5,Not enough games,,65,13.5,8484221
Victor Eklund,NYI,R,Depth F,,last games,13.3,1.8,4,1,1,2,5,13.3,1.8,4,1,2,5,Not enough games,,1,15.5,8485388
Casey Cizikas,NYI,C,Depth F,,last games,12.9,0.1,4,1,1,2,6,12.9,0.1,4,1,2,6,Not enough games,,81,11.8,8475231
Anthony Duclair,NYI,L,Depth F,,last games,12.7,1.6,4,1,0,1,6,12.7,1.6,4,1,1,6,Not enough games,,62,13.2,8477407
Ondrej Palat,NYI,L,Depth F,,last games,11.8,0.1,4,1,0,1,7,11.8,0.1,4,1,1,7,Not enough games,,80,12.8,8476292
Kyle MacLean,NYI,C,Depth F,,last season,10.5,0.0,0,0,0,0,0,,,0,0,0,0,Not enough games,,59,10.5,8481237
Tony DeAngelo,NYI,D,Depth D,,last games,16.7,1.6,4,0,0,0,4,16.7,1.6,4,0,0,4,Not enough games,,76,19.1,8477950
Alexander Romanov,NYI,D,Depth D,,last games,16.6,0.1,3,0,0,0,3,16.6,0.1,3,0,0,3,Not enough games,,15,19.4,8481014
Scott Mayfield,NYI,D,Depth D,,last season,16.5,0.0,1,0,0,0,0,12.5,0.2,1,0,0,0,Not enough games,,80,16.5,8476429
Matthew Kessel,NYI,D,Depth D,,last season,12.5,0.0,0,0,0,0,0,,,0,0,0,0,Not enough games,,29,12.5,8482516
Mika Zibanejad,NYR,C,Top-line C,Yes,last games,20.7,3.2,5,1,4,5,9,20.7,3.2,5,1,5,9,Not enough games,,81,20.9,8476459
Vladislav Gavrikov,NYR,D,Top-pair D,,last games,21.5,0.1,5,1,3,4,7,21.5,0.1,5,1,4,7,Not enough games,,82,23.7,8478882
Adam Fox,NYR,D,Top-pair D,Yes,last games,21.1,3.2,5,0,5,5,3,21.1,3.2,5,0,5,3,Not enough games,,55,23.6,8479323
Alexis Lafrenière,NYR,L,Top-6 F,Yes,last games,19.1,3.1,5,3,2,5,11,19.1,3.1,5,3,5,11,Not enough games,,82,17.6,8482109
J.T. Miller,NYR,C,Top-6 F,Yes,last games,17.2,2.6,5,1,1,2,9,17.2,2.6,5,1,2,9,Not enough games,,68,20.1,8476468
Pavel Dorofeyev,NYR,R,Top-6 F,Yes,last games,16.3,3.2,5,1,1,2,15,16.3,3.2,5,1,2,15,Not enough games,,82,17.6,8481604
Will Cuylle,NYR,L,Top-6 F,,last games,15.2,1.3,5,0,3,3,14,15.2,1.3,5,0,3,14,Not enough games,,82,16.9,8482157
Gabe Perreault,NYR,R,Top-6 F,,last games,14.9,1.2,5,2,2,4,5,14.9,1.2,5,2,4,5,Not enough games,,49,16.0,8484210
Sean Durzi,NYR,D,Top-4 D,,last games,20.8,1.3,5,1,1,2,3,20.8,1.3,5,1,2,3,Not enough games,,60,19.3,8480434
Marcus Pettersson,NYR,D,Top-4 D,,last games,20.4,0.1,5,0,0,0,4,20.4,0.1,5,0,0,4,Not enough games,,82,21.5,8477969
Tye Kartye,NYR,L,Depth F,,last games,14.8,0.0,5,0,2,2,4,14.8,0.0,5,0,2,4,Not enough games,,64,12.0,8481789
Noah Laba,NYR,C,Depth F,,last games,14.7,0.2,5,0,1,1,3,14.7,0.2,5,0,1,3,Not enough games,,74,13.5,8483690
Eeli Tolvanen,NYR,R,Depth F,,last games,13.6,1.2,5,3,0,3,6,13.6,1.2,5,3,3,6,Not enough games,,78,16.0,8480009
Joseph Veleno,NYR,C,Depth F,,last games,11.6,0.0,4,0,0,0,2,11.6,0.0,4,0,0,2,Not enough games,,61,12.1,8480813
Oliver Bjorkstrand,NYR,R,Depth F,,last games,11.4,1.0,5,2,1,3,8,11.4,1.0,5,2,3,8,Not enough games,,80,13.6,8477416
Adam Sykora,NYR,L,Depth F,,last season,11.2,0.1,0,0,0,0,0,,,0,0,0,0,Not enough games,,11,11.2,8483669
Matt Rempe,NYR,C,Depth F,,last season,8.6,0.3,1,0,0,0,1,9.8,0.0,1,0,0,1,Not enough games,,26,8.6,8482460
Jaroslav Chmelar,NYR,R,Depth F,,last games,7.5,0.2,4,0,0,0,2,7.5,0.2,4,0,0,2,Not enough games,,28,9.2,8482877
Braden Schneider,NYR,D,Depth D,,last games,17.4,0.1,5,0,0,0,8,17.4,0.1,5,0,0,8,Not enough games,,82,20.4,8482073
Vincent Iorio,NYR,D,Depth D,,last season,15.7,0.1,0,0,0,0,0,,,0,0,0,0,Not enough games,,27,15.7,8482861
Scott Morrow,NYR,D,Depth D,,last season,15.7,1.4,0,0,0,0,0,,,0,0,0,0,Not enough games,,29,15.7,8482666
Alberts Smits,NYR,D,Depth D,,last games,14.8,0.1,5,0,0,0,1,14.8,0.1,5,0,0,1,Not enough games,,0,0.0,8485957
Cole Beaudoin,NYR,C,Depth (no NHL data),,no NHL data,0.0,0.0,1,0,0,0,0,10.0,0.2,1,0,0,0,Not enough games,,0,0.0,8484786
Tim Stützle,OTT,C,Top-line C,Yes,last games,20.9,4.2,4,3,3,6,7,20.9,4.2,4,3,6,7,Not enough games,,80,20.3,8482116
Thomas Chabot,OTT,D,Top-pair D,,last games,26.7,3.4,4,1,1,2,12,26.7,3.4,4,1,2,12,Not enough games,,57,22.6,8478469
Jake Sanderson,OTT,D,Top-pair D,,last season,24.8,3.3,1,0,0,0,0,4.5,0.0,1,0,0,0,Not enough games,,67,24.8,8482105
Shane Pinto,OTT,C,Top-6 F,,last games,19.5,2.8,4,0,3,3,9,19.5,2.8,4,0,3,9,Not enough games,,72,18.7,8481596
Dylan Cozens,OTT,C,Top-6 F,Yes,last games,18.5,4.1,4,0,0,0,8,18.5,4.1,4,0,0,8,Not enough games,,82,17.0,8481528
Michael Amadio,OTT,R,Top-6 F,,last games,17.0,0.0,4,2,1,3,6,17.0,0.0,4,2,3,6,Not enough games,,81,16.1,8478020
Claude Giroux,OTT,R,Top-6 F,Yes,last games,16.9,3.4,4,0,3,3,6,16.9,3.4,4,0,3,6,Not enough games,,82,16.3,8473512
Ridly Greig,OTT,C,Top-6 F,,last season,16.7,1.0,2,0,1,1,5,16.0,2.6,2,0,1,5,Not enough games,,77,16.7,8482092
Jordan Spence,OTT,D,Top-4 D,,last games,22.6,0.3,4,0,0,0,4,22.6,0.3,4,0,0,4,Not enough games,,73,18.7,8481606
Tyler Kleven,OTT,D,Top-4 D,,last games,20.6,0.1,4,0,1,1,4,20.6,0.1,4,0,1,4,Not enough games,,70,17.3,8482095
Drake Batherson,OTT,R,Depth F,Yes,last games,16.6,4.0,4,2,1,3,9,16.6,4.0,4,2,3,9,Not enough games,,79,17.4,8480208
Andre Burakovsky,OTT,L,Depth F,,last season,16.4,2.2,0,0,0,0,0,,,0,0,0,0,Not enough games,,75,16.4,8477444
Fabian Zetterlund,OTT,L,Depth F,,last games,14.3,2.6,4,0,2,2,6,14.3,2.6,4,0,2,6,Not enough games,,82,12.9,8480188
William Eklund,OTT,L,Depth F,,last games,13.9,2.4,4,1,1,2,9,13.9,2.4,4,1,2,9,Not enough games,,78,18.5,8482667
Warren Foegele,OTT,L,Depth F,,last games,11.5,0.0,4,0,1,1,1,11.5,0.0,4,0,1,1,Not enough games,,68,13.8,8477998
Stephen Halliday,OTT,C,Depth F,,last games,10.5,2.8,4,1,0,1,5,10.5,2.8,4,1,1,5,Not enough games,,30,8.5,8483676
Nick Cousins,OTT,C,Depth F,,last games,8.9,0.0,4,1,1,2,3,8.9,0.0,4,1,2,3,Not enough games,,81,11.4,8476393
Hayden Hodgson,OTT,R,Depth F,,last season,7.0,0.0,2,0,0,0,0,5.4,0.1,2,0,0,0,Not enough games,,10,7.0,8478173
Nikolas Matinpalo,OTT,D,Depth D,,last games,18.2,0.0,4,0,0,0,4,18.2,0.0,4,0,0,4,Not enough games,,50,15.6,8484321
Carter Yakemchuk,OTT,D,Depth D,Yes,last games,16.2,3.7,4,1,1,2,6,16.2,3.7,4,1,2,6,Not enough games,,4,14.5,8484759
Cameron Crotty,OTT,D,Depth D,,last season,14.9,0.0,2,0,0,0,0,10.9,0.0,2,0,0,0,Not enough games,,6,14.9,8480075
Hoyt Stanley,OTT,D,Depth (no NHL data),,no NHL data,0.0,0.0,1,0,0,0,0,10.4,0.0,1,0,0,0,Not enough games,,0,0.0,8484409
Trevor Zegras,PHI,C,Top-line C,Yes,last games,18.8,3.6,5,0,2,2,5,18.8,3.6,5,0,2,5,Not enough games,,81,18.7,8481533
Travis Sanheim,PHI,D,Top-pair D,,last games,24.2,0.3,5,1,1,2,10,24.2,0.3,5,1,2,10,Not enough games,,81,24.2,8477948
Cam York,PHI,D,Top-pair D,,last games,21.8,1.3,5,0,0,0,6,21.8,1.3,5,0,0,6,Not enough games,,74,22.5,8481546
Tyson Foerster,PHI,R,Top-6 F,Yes,last games,18.0,3.3,5,1,0,1,13,18.0,3.3,5,1,1,13,Not enough games,,29,17.3,8482159
Travis Konecny,PHI,R,Top-6 F,Yes,last games,16.8,3.2,5,0,3,3,8,16.8,3.2,5,0,3,8,Not enough games,,77,19.1,8478439
Sean Couturier,PHI,C,Top-6 F,,last games,16.4,0.3,5,0,2,2,7,16.4,0.3,5,0,2,7,Not enough games,,78,16.7,8476461
Christian Dvorak,PHI,C,Top-6 F,,last games,16.1,0.7,5,0,1,1,5,16.1,0.7,5,0,1,5,Not enough games,,80,18.5,8477989
Owen Tippett,PHI,R,Top-6 F,,last games,15.9,2.0,5,1,0,1,13,15.9,2.0,5,1,1,13,Not enough games,,81,16.8,8480015
Jamie Drysdale,PHI,D,Top-4 D,Yes,last games,20.8,3.2,5,0,0,0,4,20.8,3.2,5,0,0,4,Not enough games,,78,21.6,8482142
Rasmus Ristolainen,PHI,D,Top-4 D,,last games,18.3,0.1,3,1,0,1,4,18.3,0.1,3,1,1,4,Not enough games,,44,21.4,8477499
Matvei Michkov,PHI,R,Depth F,Yes,last games,15.5,3.6,5,2,0,2,6,15.5,3.6,5,2,2,6,Not enough games,,81,14.8,8484387
Noel Acciari,PHI,C,Depth F,,last games,14.8,0.0,5,0,0,0,2,14.8,0.0,5,0,0,2,Not enough games,,67,13.7,8478569
Michael Bunting,PHI,L,Depth F,,last season,14.4,1.8,1,0,0,0,2,10.9,2.0,1,0,0,2,Not enough games,,74,14.4,8478047
Denver Barkey,PHI,C,Depth F,,last season,13.4,1.6,2,0,0,0,0,12.5,2.0,2,0,0,0,Not enough games,,43,13.4,8484142
Porter Martone,PHI,R,Depth F,,last games,12.9,1.8,5,0,0,0,2,12.9,1.8,5,0,0,2,Not enough games,,9,17.0,8485406
Noah Cates,PHI,L,Depth F,,last games,12.3,0.4,5,0,0,0,4,12.3,0.4,5,0,0,4,Not enough games,,82,16.2,8480220
Alex Bump,PHI,L,Depth F,Yes,last games,12.1,1.4,3,0,0,0,4,12.1,1.4,3,0,0,4,Not enough games,,17,12.6,8483731
Nikita Grebenkin,PHI,R,Depth F,,last season,11.3,0.2,0,0,0,0,0,,,0,0,0,0,Not enough games,,55,11.3,8483733
Carl Grundstrom,PHI,R,Depth F,,last games,11.1,0.0,4,0,0,0,4,11.1,0.0,4,0,0,4,Not enough games,,47,11.9,8479336
Garrett Wilson,PHI,L,Depth F,,last season,8.7,0.0,0,0,0,0,0,,,0,0,0,0,Not enough games,,3,8.7,8475253
Nick Seeler,PHI,D,Depth D,,last games,17.8,0.0,5,0,1,1,2,17.8,0.0,5,0,1,2,Not enough games,,80,17.7,8476372
David Jiricek,PHI,D,Depth D,,last games,16.4,2.4,3,0,0,0,4,16.4,2.4,3,0,0,4,Not enough games,,26,12.0,8483460
Simon Benoit,PHI,D,Depth D,,last games,14.4,0.0,4,0,0,0,1,14.4,0.0,4,0,0,1,Not enough games,,73,17.3,8481122
Sidney Crosby,PIT,C,Top-line C,Yes,last games,19.0,3.6,4,0,2,2,12,19.0,3.6,4,0,2,12,Not enough games,,68,19.2,8471675
Erik Karlsson,PIT,D,Top-pair D,Yes,last games,22.1,3.9,4,0,4,4,8,22.1,3.9,4,0,4,8,Not enough games,,75,23.6,8474578
Kris Letang,PIT,D,Top-pair D,,last games,19.7,1.6,4,0,3,3,12,19.7,1.6,4,0,3,12,Not enough games,,74,21.7,8471724
Bryan Rust,PIT,R,Top-6 F,Yes,last season,19.9,3.4,1,1,0,1,3,19.2,2.7,1,1,1,3,Not enough games,,72,19.9,8475810
Rickard Rakell,PIT,R,Top-6 F,Yes,last games,19.2,3.5,4,0,2,2,9,19.2,3.5,4,0,2,9,Not enough games,,60,18.9,8476483
Evgeni Malkin,PIT,C,Top-6 F,,last games,17.7,2.1,4,2,2,4,8,17.7,2.1,4,2,4,8,Not enough games,,56,17.6,8471215
Ben Kindel,PIT,C,Top-6 F,,last games,17.5,3.0,3,2,2,4,9,17.5,3.0,3,2,4,9,Not enough games,,77,15.1,8485414
Egor Chinakhov,PIT,R,Top-6 F,,last games,16.1,2.8,4,1,1,2,7,16.1,2.8,4,1,2,7,Not enough games,,72,13.5,8482475
Samuel Girard,PIT,D,Top-4 D,,last games,19.6,0.5,4,1,3,4,7,19.6,0.5,4,1,4,7,Not enough games,,60,18.1,8479398
Trevor van Riemsdyk,PIT,D,Top-4 D,,last games,18.7,0.0,4,0,0,0,2,18.7,0.0,4,0,0,2,Not enough games,,68,16.2,8477845
Tommy Novak,PIT,C,Depth F,Yes,last games,15.3,3.1,4,3,2,5,8,15.3,3.1,4,3,5,8,Not enough games,,82,14.3,8478438
Andrei Kuzmenko,PIT,L,Depth F,,last season,14.9,3.0,2,0,0,0,3,12.0,1.9,2,0,0,3,Not enough games,,52,14.9,8483808
Ville Koivunen,PIT,R,Depth F,,last games,13.8,1.3,3,1,1,2,4,13.8,1.3,3,1,2,4,Not enough games,,39,12.7,8482758
Connor Dewar,PIT,C,Depth F,,last games,13.7,0.0,4,0,0,0,5,13.7,0.0,4,0,0,5,Not enough games,,78,13.9,8480980
Nick Robertson,PIT,L,Depth F,,last games,13.1,0.0,4,3,0,3,7,13.1,0.0,4,3,3,7,Not enough games,,78,12.7,8481582
Blake Lizotte,PIT,C,Depth F,,last games,12.8,0.0,4,0,1,1,7,12.8,0.0,4,0,1,7,Not enough games,,55,13.9,8481481
Justin Brazeau,PIT,R,Depth F,,last season,12.7,1.0,0,0,0,0,0,,,0,0,0,0,Not enough games,,64,12.7,8479638
Hendrix Lapierre,PIT,C,Depth F,,last games,12.1,1.5,4,1,2,3,2,12.1,1.5,4,1,3,2,Not enough games,,74,8.8,8482148
Elmer Soderblom,PIT,L,Depth F,,last season,11.1,0.2,1,0,0,0,0,12.6,0.0,1,0,0,0,Not enough games,,59,11.1,8481725
Declan Carlile,PIT,D,Depth D,,last games,18.4,0.0,4,2,2,4,8,18.4,0.0,4,2,4,8,Not enough games,,42,14.8,8483398
Kaedan Korczak,PIT,D,Depth D,,last games,16.7,0.0,4,0,4,4,5,16.7,0.0,4,0,4,5,Not enough games,,78,16.0,8481527
Spencer Stastney,PIT,D,Depth D,,last season,15.5,0.1,0,0,0,0,0,,,0,0,0,0,Not enough games,,66,15.5,8481056
Ilya Solovyov,PIT,D,Depth D,,last season,12.7,0.0,0,0,0,0,0,,,0,0,0,0,Not enough games,,30,12.7,8482470
Chandler Stephenson,SEA,C,Top-line C,Yes,last games,17.1,2.4,4,1,3,4,4,17.1,2.4,4,1,4,4,Not enough games,,80,19.4,8476905
Brandon Montour,SEA,D,Top-pair D,,last games,22.7,2.3,4,0,2,2,7,22.7,2.3,4,0,2,7,Not enough games,,64,22.6,8477986
Vince Dunn,SEA,D,Top-pair D,,last games,21.8,2.2,4,1,3,4,4,21.8,2.2,4,1,4,4,Not enough games,,81,21.7,8478407
Bobby McMann,SEA,C,Top-6 F,,last games,16.6,2.2,4,2,0,2,15,16.6,2.2,4,2,2,15,Not enough games,,78,15.9,8482259
Matty Beniers,SEA,C,Top-6 F,,last games,16.3,2.3,4,1,2,3,2,16.3,2.3,4,1,3,2,Not enough games,,82,19.3,8482665
Jordan Eberle,SEA,R,Top-6 F,Yes,last games,16.2,2.6,4,2,2,4,7,16.2,2.6,4,2,4,7,Not enough games,,80,18.5,8474586
Jared McCann,SEA,L,Top-6 F,Yes,last games,15.8,2.7,4,1,4,5,15,15.8,2.7,4,1,5,15,Not enough games,,52,16.4,8477955
Berkly Catton,SEA,C,Top-6 F,Yes,last games,15.7,2.5,4,1,1,2,7,15.7,2.5,4,1,2,7,Not enough games,,66,12.9,8484800
Adam Larsson,SEA,D,Top-4 D,,last games,21.7,0.0,4,0,0,0,4,21.7,0.0,4,0,0,4,Not enough games,,82,21.4,8476457
Ryker Evans,SEA,D,Top-4 D,,last games,21.6,0.3,4,0,2,2,4,21.6,0.3,4,0,2,4,Not enough games,,67,17.8,8482858
Shane Wright,SEA,C,Depth F,,last games,15.0,1.9,4,2,1,3,7,15.0,1.9,4,2,3,7,Not enough games,,74,13.8,8483524
Mackie Samoskevich,SEA,R,Depth F,,last games,14.9,0.7,3,2,0,2,6,14.9,0.7,3,2,2,6,Not enough games,,77,14.5,8482713
Frederick Gaudreau,SEA,C,Depth F,,last games,14.6,0.0,4,1,0,1,5,14.6,0.0,4,1,1,5,Not enough games,,68,16.1,8477919
Kaapo Kakko,SEA,R,Depth F,Yes,last games,14.6,2.4,4,1,3,4,3,14.6,2.4,4,1,4,3,Not enough games,,65,14.3,8481554
Ryan Winterton,SEA,C,Depth F,,last games,14.0,0.0,4,0,1,1,8,14.0,0.0,4,0,1,8,Not enough games,,68,12.0,8482751
Ben Meyers,SEA,C,Depth F,,last season,11.9,0.1,2,0,0,0,0,10.9,0.0,2,0,0,0,Not enough games,,52,11.9,8483570
Jacob Melanson,SEA,R,Depth F,,last season,9.4,0.0,1,0,0,0,1,9.5,0.1,1,0,0,1,Not enough games,,36,9.4,8482874
Curtis Douglas,SEA,C,Depth F,,last season,6.8,0.0,2,0,0,0,1,6.9,0.0,2,0,0,1,Not enough games,,43,6.8,8480876
Cale Fleury,SEA,D,Depth D,,last season,16.3,0.2,2,0,1,1,3,14.9,0.0,2,0,1,3,Not enough games,,23,16.3,8479985
Josh Mahura,SEA,D,Depth D,,last season,15.7,0.1,1,0,0,0,0,14.5,0.0,1,0,0,0,Not enough games,,23,15.7,8479372
Ryan Lindgren,SEA,D,Depth D,,last games,12.7,0.1,4,0,0,0,3,12.7,0.1,4,0,0,3,Not enough games,,76,18.3,8479324
Jake O'Brien,SEA,C,Depth (no NHL data),,no NHL data,0.0,0.0,0,0,0,0,0,,,0,0,0,0,Not enough games,,0,0.0,8485383
Ville Ottavainen,SEA,D,Depth (no NHL data),,no NHL data,0.0,0.0,1,0,0,0,0,15.8,0.0,1,0,0,0,Not enough games,,0,0.0,8482866
Macklin Celebrini,SJS,C,Top-line C,Yes,last season,21.3,3.7,2,0,5,5,9,22.3,4.2,2,0,5,9,Not enough games,,82,21.3,8484801
Jacob Trouba,SJS,D,Top-pair D,,last games,21.5,1.0,4,0,2,2,7,21.5,1.0,4,0,2,7,Not enough games,,81,22.8,8476885
Darnell Nurse,SJS,D,Top-pair D,,last games,21.0,0.0,4,1,0,1,5,21.0,0.0,4,1,1,5,Not enough games,,82,21.0,8477498
Alexander Wennberg,SJS,C,Top-6 F,Yes,last games,19.5,3.8,4,0,1,1,6,19.5,3.8,4,0,1,6,Not enough games,,80,20.5,8477505
Will Smith,SJS,C,Top-6 F,Yes,last games,18.2,3.4,4,2,1,3,6,18.2,3.4,4,2,3,6,Not enough games,,69,18.2,8484227
Mason Marchment,SJS,L,Top-6 F,,last games,15.9,2.1,4,1,0,1,9,15.9,2.1,4,1,1,9,Not enough games,,68,17.4,8478975
Collin Graf,SJS,R,Top-6 F,,last games,15.1,0.0,4,1,0,1,4,15.1,0.0,4,1,1,4,Not enough games,,81,16.4,8484911
Ivar Stenberg,SJS,L,Top-6 F,,last games,15.1,1.6,4,0,2,2,3,15.1,1.6,4,0,2,3,Not enough games,,0,0.0,8486103
Michael Kesselring,SJS,D,Top-4 D,,last games,19.7,0.0,4,0,0,0,4,19.7,0.0,4,0,0,4,Not enough games,,34,13.4,8480891
Luca Cagnoni,SJS,D,Top-4 D,Yes,last games,19.4,3.8,4,1,1,2,8,19.4,3.8,4,1,2,8,Not enough games,,3,18.0,8484152
Igor Chernyshov,SJS,L,Depth F,Yes,last games,14.9,2.6,4,2,1,3,3,14.9,2.6,4,2,3,3,Not enough games,,28,15.1,8484994
Kiefer Sherwood,SJS,L,Depth F,,last games,14.7,1.4,4,1,0,1,5,14.7,1.4,4,1,1,5,Not enough games,,72,17.3,8480748
Ty Dellandrea,SJS,C,Depth F,,last season,14.2,0.1,2,0,0,0,1,13.4,0.1,2,0,0,1,Not enough games,,46,14.2,8480848
Michael Misa,SJS,C,Depth F,,last games,14.1,1.5,4,0,2,2,4,14.1,1.5,4,0,2,4,Not enough games,,45,12.8,8485402
Tyler Toffoli,SJS,C,Depth F,,last games,13.5,2.2,4,2,2,4,11,13.5,2.2,4,2,4,11,Not enough games,,79,15.0,8475726
Barclay Goodrow,SJS,C,Depth F,,last games,12.4,0.1,4,0,0,0,1,12.4,0.1,4,0,0,1,Not enough games,,82,11.3,8476624
Adam Gaudette,SJS,R,Depth F,,last season,11.5,1.0,0,0,0,0,0,,,0,0,0,0,Not enough games,,66,11.5,8478874
Zack Ostapchuk,SJS,C,Depth F,,last games,11.4,0.1,4,0,0,0,5,11.4,0.1,4,0,0,5,Not enough games,,59,10.1,8482859
Brett Leason,SJS,R,Depth F,,last season,8.6,0.3,0,0,0,0,0,,,0,0,0,0,Not enough games,,6,8.6,8481517
Alex Barré-Boulet,SJS,C,Depth F,,last season,8.4,1.4,0,0,0,0,0,,,0,0,0,0,Not enough games,,2,8.4,8479718
Dmitry Orlov,SJS,D,Depth D,,last games,18.4,0.7,4,0,0,0,2,18.4,0.7,4,0,0,2,Not enough games,,82,21.2,8475200
Sam Dickinson,SJS,D,Depth D,,last season,16.8,0.3,2,0,1,1,1,16.1,0.0,2,0,1,1,Not enough games,,72,16.8,8484806
Nolan Allan,SJS,D,Depth (no NHL data),,no NHL data,0.0,0.0,2,1,0,1,3,18.4,0.0,2,1,1,3,Not enough games,,0,0.0,8482700
Robert Thomas,STL,C,Top-line C,Yes,last games,20.2,2.9,4,0,0,0,5,20.2,2.9,4,0,0,5,Not enough games,,64,19.0,8480023
Cam Fowler,STL,D,Top-pair D,Yes,last games,23.0,2.4,4,0,0,0,5,23.0,2.4,4,0,0,5,Not enough games,,82,21.1,8475764
Philip Broberg,STL,D,Top-pair D,,last games,22.6,0.4,4,0,2,2,7,22.6,0.4,4,0,2,7,Not enough games,,81,23.4,8481598
Pavel Buchnevich,STL,L,Top-6 F,,last games,17.6,1.8,4,0,1,1,5,17.6,1.8,4,0,1,5,Not enough games,,81,17.9,8477402
Jimmy Snuggerud,STL,R,Top-6 F,Yes,last games,17.5,3.0,4,1,1,2,9,17.5,3.0,4,1,2,9,Not enough games,,70,16.7,8483516
Dylan Holloway,STL,L,Top-6 F,Yes,last games,17.1,3.0,4,0,0,0,6,17.1,3.0,4,0,0,6,Not enough games,,59,18.3,8482077
Connor McMichael,STL,L,Top-6 F,,last games,15.6,2.0,4,2,2,4,10,15.6,2.0,4,2,4,10,Not enough games,,78,16.9,8481580
Mason McTavish,STL,C,Top-6 F,Yes,last games,15.3,2.6,4,2,1,3,13,15.3,2.6,4,2,3,13,Not enough games,,75,15.3,8482745
Colton Parayko,STL,D,Top-4 D,,last games,21.2,0.1,4,0,1,1,6,21.2,0.1,4,0,1,6,Not enough games,,77,22.2,8476892
Brandon Carlo,STL,D,Top-4 D,,last games,17.4,0.0,4,0,0,0,4,17.4,0.0,4,0,0,4,Not enough games,,55,19.4,8478443
Jake Neighbours,STL,L,Depth F,,last games,14.2,1.9,4,0,0,0,4,14.2,1.9,4,0,0,4,Not enough games,,69,15.2,8482089
Jonatan Berggren,STL,R,Depth F,,last games,14.2,0.4,4,0,1,1,3,14.2,0.4,4,0,1,3,Not enough games,,51,13.8,8481013
Pius Suter,STL,C,Depth F,,last games,13.8,0.0,4,1,1,2,6,13.8,0.0,4,1,2,6,Not enough games,,64,15.9,8480459
Dalibor Dvorsky,STL,R,Depth F,,last games,12.7,1.7,4,2,0,2,8,12.7,1.7,4,2,2,8,Not enough games,,71,14.3,8484164
Alexey Toropchenko,STL,R,Depth F,,last season,12.0,0.0,1,0,0,0,0,5.1,0.0,1,0,0,0,Not enough games,,65,12.0,8480281
Dillon Dube,STL,C,Depth F,,last games,11.5,0.0,3,1,0,1,1,11.5,0.0,3,1,1,1,Not enough games,,0,0.0,8479346
Ross Johnston,STL,L,Depth F,,last games,8.4,0.1,3,0,0,0,2,8.4,0.1,3,0,0,2,Not enough games,,62,9.7,8477527
Adam Jiricek,STL,D,Depth D,,last games,17.2,2.2,4,0,0,0,6,17.2,2.2,4,0,0,6,Not enough games,,0,0.0,8484790
Logan Mailloux,STL,D,Depth D,,last season,16.8,0.6,0,0,0,0,0,,,0,0,0,0,Not enough games,,67,16.8,8482733
Theo Lindstein,STL,D,Depth D,,last games,14.8,0.0,3,0,1,1,2,14.8,0.0,3,0,1,2,Not enough games,,17,15.8,8484188
Tyler Tucker,STL,D,Depth D,,last season,14.4,0.0,0,0,0,0,0,,,0,0,0,0,Not enough games,,69,14.4,8481006
Justin Barron,STL,D,Depth D,,last season,14.3,0.2,1,0,0,0,1,14.1,0.0,1,0,0,1,Not enough games,,52,14.3,8482111
Zach Dean,STL,C,Depth (no NHL data),,no NHL data,0.0,0.0,1,0,0,0,0,12.6,0.1,1,0,0,0,Not enough games,,0,0.0,8482784
Jake Guentzel,TBL,C,Top-line C,Yes,last games,21.2,5.9,4,1,3,4,11,21.2,5.9,4,1,4,11,Not enough games,,81,20.2,8477404
John Carlson,TBL,D,Top-pair D,Yes,last games,19.7,5.7,4,2,2,4,14,19.7,5.7,4,2,4,14,Not enough games,,71,23.2,8474590
Erik Cernak,TBL,D,Top-pair D,,last games,19.6,0.0,4,0,1,1,7,19.6,0.0,4,0,1,7,Not enough games,,61,17.6,8478416
Nikita Kucherov,TBL,R,Top-6 F,Yes,last games,22.4,6.2,4,1,5,6,6,22.4,6.2,4,1,6,6,Not enough games,,76,20.3,8476453
Brandon Hagel,TBL,L,Top-6 F,Yes,last games,22.2,5.6,4,1,3,4,20,22.2,5.6,4,1,4,20,Not enough games,,71,19.8,8479542
Brayden Point,TBL,C,Top-6 F,Yes,last games,19.7,5.7,4,1,2,3,9,19.7,5.7,4,1,3,9,Not enough games,,63,18.3,8478010
Anthony Cirelli,TBL,C,Top-6 F,,last games,18.4,1.8,4,1,0,1,9,18.4,1.8,4,1,1,9,Not enough games,,71,17.3,8478519
Yanni Gourde,TBL,C,Top-6 F,,last season,16.4,0.2,0,0,0,0,0,,,0,0,0,0,Not enough games,,82,16.4,8476826
Emil Lilleberg,TBL,D,Top-4 D,,last season,17.3,0.0,1,0,0,0,1,10.5,0.0,1,0,0,1,Not enough games,,50,17.3,8482929
J.J. Moser,TBL,D,Top-4 D,,last games,16.2,0.0,4,0,0,0,3,16.2,0.0,4,0,0,3,Not enough games,,79,21.6,8482655
Gage Goncalves,TBL,C,Depth F,,last games,15.1,1.3,4,0,0,0,2,15.1,1.3,4,0,0,2,Not enough games,,74,13.1,8482201
Pontus Holmberg,TBL,R,Depth F,,last games,14.4,1.3,4,1,1,2,7,14.4,1.3,4,1,2,7,Not enough games,,70,13.3,8480995
Ilya Mikheyev,TBL,R,Depth F,,last games,14.2,0.1,4,1,2,3,5,14.2,0.1,4,1,3,5,Not enough games,,77,17.4,8481624
Zemgus Girgensons,TBL,C,Depth F,,last games,12.7,0.1,4,0,1,1,2,12.7,0.1,4,0,1,2,Not enough games,,74,14.8,8476878
Dominic James,TBL,C,Depth F,,last season,12.2,0.7,0,0,0,0,0,,,0,0,0,0,Not enough games,,43,12.2,8483752
Conor Geekie,TBL,C,Depth F,,last games,11.0,1.5,4,1,0,1,7,11.0,1.5,4,1,1,7,Not enough games,,14,9.9,8483447
Jansen Harkins,TBL,C,Depth F,,last season,9.6,0.2,1,0,0,0,1,10.9,0.0,1,0,0,1,Not enough games,,44,9.6,8478424
Jeffrey Viel,TBL,L,Depth F,,last games,8.4,0.0,4,0,0,0,6,8.4,0.0,4,0,0,6,Not enough games,,45,11.9,8479705
Scott Sabourin,TBL,R,Depth F,,last season,8.0,0.0,0,0,0,0,0,,,0,0,0,0,Not enough games,,26,8.0,8477149
Ryan McDonagh,TBL,D,Depth D,,last games,16.1,0.0,4,0,0,0,1,16.1,0.0,4,0,0,1,Not enough games,,48,19.3,8474151
Max Crozier,TBL,D,Depth D,,last season,16.0,0.0,2,0,0,0,4,18.2,0.1,2,0,0,4,Not enough games,,35,16.0,8481719
Charle-Edouard D'Astous,TBL,D,Depth D,,last games,15.0,1.8,4,1,0,1,6,15.0,1.8,4,1,1,6,Not enough games,,70,18.8,8480426
Victor Hedman,TBL,D,Depth D,,last games,14.8,0.6,4,0,0,0,4,14.8,0.6,4,0,0,4,Not enough games,,33,18.9,8475167
Auston Matthews,TOR,C,Top-line C,Yes,last games,22.2,4.0,5,2,4,6,16,22.2,4.0,5,2,6,16,Not enough games,,60,20.8,8479318
Darren Raddysh,TOR,D,Top-pair D,Yes,last games,23.6,4.1,5,0,2,2,12,23.6,4.1,5,0,2,12,Not enough games,,73,22.7,8478178
Morgan Rielly,TOR,D,Top-pair D,,last games,20.3,1.5,5,0,3,3,6,20.3,1.5,5,0,3,6,Not enough games,,78,21.1,8476853
William Nylander,TOR,R,Top-6 F,Yes,last games,20.2,3.7,5,3,3,6,14,20.2,3.7,5,3,6,14,Not enough games,,65,19.4,8477939
Kirill Marchenko,TOR,R,Top-6 F,Yes,last games,19.6,3.7,5,1,3,4,15,19.6,3.7,5,1,4,15,Not enough games,,76,18.9,8480893
John Tavares,TOR,C,Top-6 F,Yes,last games,17.2,3.5,5,1,2,3,14,17.2,3.5,5,1,3,14,Not enough games,,82,18.2,8475166
Jack Roslovic,TOR,C,Top-6 F,,last games,16.6,1.9,5,2,2,4,13,16.6,1.9,5,2,4,13,Not enough games,,69,15.8,8478458
Nick Paul,TOR,L,Top-6 F,,last games,15.8,1.6,5,1,1,2,7,15.8,1.6,5,1,2,7,Not enough games,,51,13.7,8477426
Chris Tanev,TOR,D,Top-4 D,,last games,19.5,0.1,5,0,1,1,1,19.5,0.1,5,0,1,1,Not enough games,,11,18.0,8475690
Jake McCabe,TOR,D,Top-4 D,,last games,18.6,0.1,5,0,0,0,5,18.6,0.1,5,0,0,5,Not enough games,,80,22.4,8476931
Gavin McKenna,TOR,L,Depth F,,last games,14.5,2.0,5,1,2,3,8,14.5,2.0,5,1,3,8,Not enough games,,0,0.0,8486067
Easton Cowan,TOR,R,Depth F,,last games,14.3,1.5,5,2,2,4,11,14.3,1.5,5,2,4,11,Not enough games,,66,14.7,8484158
Colton Sissons,TOR,C,Depth F,,last games,14.0,0.0,5,1,0,1,8,14.0,0.0,5,1,1,8,Not enough games,,66,12.5,8476925
Brandon Duhaime,TOR,L,Depth F,,last games,11.4,0.0,5,0,0,0,3,11.4,0.0,5,0,0,3,Not enough games,,82,11.1,8479520
Teddy Blueger,TOR,C,Depth F,,last games,10.7,0.0,5,0,0,0,2,10.7,0.0,5,0,0,2,Not enough games,,35,16.5,8476927
Bo Groulx,TOR,C,Depth F,,last games,7.7,0.0,4,0,0,0,2,7.7,0.0,4,0,0,2,Not enough games,,13,15.7,8480870
Zack MacEwen,TOR,R,Depth F,,last season,6.3,0.0,1,0,0,0,0,5.4,0.0,1,0,0,0,Not enough games,,3,6.3,8479772
Troy Stecher,TOR,D,Depth D,,last games,17.4,0.0,5,0,0,0,4,17.4,0.0,5,0,0,4,Not enough games,,64,19.2,8479442
Nick Blankenburg,TOR,D,Depth D,,last season,16.8,1.4,0,0,0,0,0,,,0,0,0,0,Not enough games,,61,16.8,8483565
Oliver Ekman-Larsson,TOR,D,Depth D,,last games,16.7,0.1,5,0,0,0,3,16.7,0.1,5,0,0,3,Not enough games,,78,20.6,8475171
Nick Schmaltz,UTA,C,Top-line C,Yes,last games,18.6,4.5,5,5,2,7,20,18.6,4.5,5,5,7,20,Not enough games,,82,19.7,8477951
Mikhail Sergachev,UTA,D,Top-pair D,Yes,last games,21.4,3.9,5,1,5,6,12,21.4,3.9,5,1,6,12,Not enough games,,78,24.3,8479410
Nate Schmidt,UTA,D,Top-pair D,,last games,21.1,0.1,5,0,1,1,7,21.1,0.1,5,0,1,7,Not enough games,,82,19.7,8477220
Clayton Keller,UTA,R,Top-6 F,Yes,last games,18.2,4.5,5,1,6,7,15,18.2,4.5,5,1,7,15,Not enough games,,82,19.1,8479343
Logan Cooley,UTA,C,Top-6 F,Yes,last games,18.2,4.6,5,0,4,4,2,18.2,4.6,5,0,4,2,Not enough games,,54,17.3,8483431
Vincent Trocheck,UTA,C,Top-6 F,,last games,16.9,1.5,5,1,1,2,7,16.9,1.5,5,1,2,7,Not enough games,,67,20.6,8476389
Dylan Guenther,UTA,R,Top-6 F,Yes,last games,16.6,4.6,5,3,3,6,17,16.6,4.6,5,3,6,17,Not enough games,,79,17.4,8482699
Lawson Crouse,UTA,L,Top-6 F,,last games,14.9,0.1,5,1,1,2,10,14.9,0.1,5,1,2,10,Not enough games,,81,16.6,8478474
John Marino,UTA,D,Top-4 D,,last games,20.3,2.0,5,0,1,1,3,20.3,2.0,5,0,1,3,Not enough games,,80,20.2,8478507
MacKenzie Weegar,UTA,D,Top-4 D,,last games,20.2,0.1,5,1,0,1,8,20.2,0.1,5,1,1,8,Not enough games,,79,22.5,8477346
Kevin Stenlund,UTA,C,Depth F,,last games,13.7,0.0,5,0,1,1,4,13.7,0.0,5,0,1,4,Not enough games,,80,14.5,8478831
Barrett Hayton,UTA,C,Depth F,,last games,13.6,0.5,5,0,2,2,10,13.6,0.5,5,0,2,10,Not enough games,,67,15.1,8480849
Jack McBain,UTA,C,Depth F,,last games,13.3,0.0,5,1,0,1,6,13.3,0.0,5,1,1,6,Not enough games,,75,13.8,8480855
Anders Lee,UTA,L,Depth F,,last games,13.0,1.4,5,1,2,3,9,13.0,1.4,5,1,3,9,Not enough games,,82,15.6,8475314
Michael Carcone,UTA,L,Depth F,,last games,12.5,1.5,5,1,1,2,17,12.5,1.5,5,1,2,17,Not enough games,,79,12.7,8479619
Kailer Yamamoto,UTA,R,Depth F,,last season,11.8,0.4,0,0,0,0,0,,,0,0,0,0,Not enough games,,59,11.8,8479977
Daniil But,UTA,L,Depth F,,last games,10.9,1.0,5,1,0,1,4,10.9,1.0,5,1,1,4,Not enough games,,29,12.5,8484388
Liam O'Brien,UTA,C,Depth F,,last season,9.1,0.0,0,0,0,0,0,,,0,0,0,0,Not enough games,,38,9.1,8477070
Dmitri Simashev,UTA,D,Depth D,,last games,15.8,0.0,5,0,2,2,4,15.8,0.0,5,0,2,4,Not enough games,,28,15.1,8484386
Andrew Peeke,UTA,D,Depth D,,last games,15.2,0.0,5,1,1,2,6,15.2,0.0,5,1,2,6,Not enough games,,77,19.4,8479369
Maveric Lamoureux,UTA,D,Depth D,,last season,14.7,0.0,0,0,0,0,0,,,0,0,0,0,Not enough games,,5,14.7,8483472
Nick DeSimone,UTA,D,Depth D,,last season,14.2,0.0,0,0,0,0,0,,,0,0,0,0,Not enough games,,40,14.2,8480084
Elias Pettersson,VAN,C,Top-line C,Yes,last games,20.0,3.9,5,2,6,8,8,20.0,3.9,5,2,8,8,Not enough games,,74,19.0,8480012
Filip Hronek,VAN,D,Top-pair D,Yes,last games,25.5,3.6,5,0,5,5,6,25.5,3.6,5,0,5,6,Not enough games,,82,25.0,8479425
Zeev Buium,VAN,D,Top-pair D,,last games,22.1,2.2,5,0,1,1,5,22.1,2.2,5,0,1,5,Not enough games,,76,19.6,8484798
Marco Rossi,VAN,C,Top-6 F,Yes,last games,17.6,3.9,5,3,1,4,10,17.6,3.9,5,3,4,10,Not enough games,,50,17.5,8482079
Brock Boeser,VAN,R,Top-6 F,Yes,last games,17.5,3.9,5,1,2,3,7,17.5,3.9,5,1,3,7,Not enough games,,75,19.1,8478444
Jake DeBrusk,VAN,L,Top-6 F,Yes,last games,16.6,3.2,3,2,1,3,8,16.6,3.2,3,2,3,8,Not enough games,,81,16.9,8478498
Liam Ohgren,VAN,L,Top-6 F,,last games,16.3,1.6,5,1,3,4,8,16.3,1.6,5,1,4,8,Not enough games,,69,13.2,8483499
Drew O'Connor,VAN,L,Top-6 F,,last games,15.6,1.5,5,1,1,2,8,15.6,1.5,5,1,2,8,Not enough games,,82,14.6,8482055
Tom Willander,VAN,D,Top-4 D,,last games,20.7,1.9,5,0,3,3,1,20.7,1.9,5,0,3,1,Not enough games,,70,17.0,8484240
Jamie Oleksiak,VAN,D,Top-4 D,,last games,19.1,0.0,5,1,2,3,2,19.1,0.0,5,1,3,2,Not enough games,,78,16.9,8476467
Paul Cotter,VAN,L,Depth F,,last games,15.1,0.6,5,4,2,6,7,15.1,0.6,5,4,6,7,Not enough games,,79,10.7,8481032
Filip Chytil,VAN,C,Depth F,,last season,15.0,1.2,0,0,0,0,0,,,0,0,0,0,Not enough games,,12,15.0,8480078
Linus Karlsson,VAN,C,Depth F,,last games,15.0,1.8,5,0,4,4,9,15.0,1.8,5,0,4,9,Not enough games,,79,12.5,8481024
Max Sasson,VAN,C,Depth F,,last games,14.5,0.1,5,1,1,2,7,14.5,0.1,5,1,2,7,Not enough games,,66,11.7,8484136
Jonathan Lekkerimäki,VAN,R,Depth F,,last games,12.8,1.7,5,2,2,4,7,12.8,1.7,5,2,4,7,Not enough games,,13,11.7,8483476
Arshdeep Bains,VAN,L,Depth F,,last games,11.4,0.1,5,1,1,2,3,11.4,0.1,5,1,2,3,Not enough games,,28,9.2,8483395
Brendan Gallagher,VAN,R,Depth F,,last games,9.9,0.0,4,0,0,0,4,9.9,0.0,4,0,0,4,Not enough games,,77,12.4,8475848
Aatu Räty,VAN,C,Depth F,,last games,9.3,0.2,3,1,0,1,3,9.3,0.2,3,1,1,3,Not enough games,,66,12.0,8482691
Elias Pettersson,VAN,D,Depth D,,last games,16.2,0.2,5,1,0,1,6,16.2,0.2,5,1,1,6,Not enough games,,70,15.0,8483678
Victor Mancini,VAN,D,Depth D,,last season,13.7,0.1,1,0,0,0,0,15.4,0.0,1,0,0,0,Not enough games,,24,13.7,8483768
Luke Schenn,VAN,D,Depth D,,last games,12.4,0.1,4,0,2,2,2,12.4,0.1,4,0,2,2,Not enough games,,50,13.7,8474568
Guillaume Brisebois,VAN,D,Depth (no NHL data),,no NHL data,0.0,0.0,0,0,0,0,0,,,0,0,0,0,Not enough games,,0,0.0,8478465
Jack Eichel,VGK,C,Top-line C,Yes,last games,21.0,5.0,5,3,9,12,14,21.0,5.0,5,3,12,14,Not enough games,,74,21.2,8478403
Shea Theodore,VGK,D,Top-pair D,Yes,last games,21.6,3.2,5,1,2,3,14,21.6,3.2,5,1,3,14,Not enough games,,70,22.8,8477447
Noah Hanifin,VGK,D,Top-pair D,,last games,20.2,0.6,5,1,0,1,7,20.2,0.6,5,1,1,7,Not enough games,,71,22.6,8478396
Mitch Marner,VGK,R,Top-6 F,Yes,last games,21.3,4.7,5,1,2,3,15,21.3,4.7,5,1,3,15,Not enough games,,81,20.0,8478483
Mark Stone,VGK,R,Top-6 F,Yes,last games,19.5,4.5,5,3,2,5,13,19.5,4.5,5,3,5,13,Not enough games,,60,19.2,8475913
William Karlsson,VGK,C,Top-6 F,,last games,18.7,1.7,5,0,1,1,7,18.7,1.7,5,0,1,7,Not enough games,,14,15.1,8476448
Brett Howden,VGK,C,Top-6 F,,last games,16.1,0.1,5,1,1,2,10,16.1,0.1,5,1,2,10,Not enough games,,58,14.9,8479353
Tomas Hertl,VGK,C,Top-6 F,Yes,last games,16.1,4.8,5,3,2,5,17,16.1,4.8,5,3,5,17,Not enough games,,82,17.0,8476881
Brayden McNabb,VGK,D,Top-4 D,,last games,18.7,0.0,5,0,4,4,5,18.7,0.0,5,0,4,5,Not enough games,,63,20.5,8475188
Rasmus Andersson,VGK,D,Top-4 D,,last games,18.3,1.8,5,0,1,1,8,18.3,1.8,5,0,1,8,Not enough games,,81,23.2,8478397
Ivan Barbashev,VGK,L,Depth F,,last games,15.3,0.7,5,0,4,4,8,15.3,0.7,5,0,4,8,Not enough games,,82,16.2,8477964
Victor Olofsson,VGK,L,Depth F,,last games,13.1,2.0,4,4,1,5,9,13.1,2.0,4,4,5,9,Not enough games,,78,13.6,8478109
Braeden Bowman,VGK,R,Depth F,,last games,12.5,1.7,5,1,1,2,6,12.5,1.7,5,1,2,6,Not enough games,,54,14.1,8483890
Trevor Connelly,VGK,L,Depth F,,last games,12.3,2.5,5,1,1,2,9,12.3,2.5,5,1,2,9,Not enough games,,0,0.0,8484803
Nic Dowd,VGK,C,Depth F,,last games,11.5,0.0,5,0,2,2,2,11.5,0.0,5,0,2,2,Not enough games,,75,14.5,8475343
Marc Gatcomb,VGK,C,Depth F,,last games,9.3,0.0,5,1,1,2,9,9.3,0.0,5,1,2,9,Not enough games,,49,10.1,8483553
Raphael Lavoie,VGK,C,Depth F,,last season,8.6,0.0,1,0,0,0,0,8.2,0.0,1,0,0,0,Not enough games,,1,8.6,8481534
Parker Wotherspoon,VGK,D,Depth D,,last games,18.1,0.2,5,0,0,0,5,18.1,0.2,5,0,0,5,Not enough games,,80,20.2,8478450
Jeremy Lauzon,VGK,D,Depth D,,last games,16.3,0.0,5,0,0,0,8,16.3,0.0,5,0,0,8,Not enough games,,68,17.2,8478468
Dylan Coghlan,VGK,D,Depth D,,last season,15.1,0.1,0,0,0,0,0,,,0,0,0,0,Not enough games,,3,15.1,8479639
Mark Scheifele,WPG,C,Top-line C,Yes,last games,21.0,2.6,4,0,2,2,6,21.0,2.6,4,0,2,6,Not enough games,,82,21.5,8476460
Neal Pionk,WPG,D,Top-pair D,,last games,22.9,1.4,4,0,1,1,8,22.9,1.4,4,0,1,8,Not enough games,,51,22.7,8480145
Dylan Samberg,WPG,D,Top-pair D,,last games,22.3,0.2,4,0,2,2,4,22.3,0.2,4,0,2,4,Not enough games,,66,21.8,8480049
Kyle Connor,WPG,L,Top-6 F,Yes,last games,20.7,2.6,4,5,2,7,24,20.7,2.6,4,5,7,24,Not enough games,,82,21.5,8478398
Cole Perfetti,WPG,C,Top-6 F,Yes,last games,18.3,2.6,4,3,3,6,12,18.3,2.6,4,3,6,12,Not enough games,,68,15.6,8482149
Morgan Barron,WPG,C,Top-6 F,,last games,16.7,0.0,4,0,1,1,4,16.7,0.0,4,0,1,4,Not enough games,,65,12.8,8480289
Gabriel Vilardi,WPG,C,Top-6 F,Yes,last games,15.7,2.6,4,0,2,2,8,15.7,2.6,4,0,2,8,Not enough games,,82,18.7,8480014
Adam Lowry,WPG,C,Top-6 F,,last games,15.5,0.0,4,1,2,3,5,15.5,0.0,4,1,3,5,Not enough games,,70,15.0,8476392
Dylan DeMelo,WPG,D,Top-4 D,,last games,21.7,0.0,4,1,1,2,2,21.7,0.0,4,1,2,2,Not enough games,,82,21.5,8476331
Josh Morrissey,WPG,D,Top-4 D,Yes,last games,20.1,2.3,4,0,3,3,12,20.1,2.3,4,0,3,12,Not enough games,,77,24.7,8477504
Viggo Björck,WPG,C,Depth F,,last games,14.1,1.2,4,0,0,0,5,14.1,1.2,4,0,0,5,Not enough games,,0,0.0,8486025
Nino Niederreiter,WPG,R,Depth F,,last season,13.8,1.5,2,0,0,0,0,11.8,1.3,2,0,0,0,Not enough games,,61,13.8,8475799
Alex Iafallo,WPG,L,Depth F,,last games,12.4,0.5,4,1,1,2,6,12.4,0.5,4,1,2,6,Not enough games,,79,15.6,8480113
Vladislav Namestnikov,WPG,C,Depth F,,last games,12.0,1.2,4,0,0,0,6,12.0,1.2,4,0,0,6,Not enough games,,60,13.8,8476480
Isak Rosen,WPG,R,Depth F,,last games,11.5,1.1,4,0,0,0,3,11.5,1.1,4,0,0,3,Not enough games,,37,11.5,8482765
Brad Lambert,WPG,C,Depth F,,last games,11.1,0.0,4,0,0,0,3,11.1,0.0,4,0,0,3,Not enough games,,25,10.8,8483471
Cole Koepke,WPG,L,Depth F,,last season,10.5,0.0,2,0,0,0,1,10.6,0.0,2,0,0,1,Not enough games,,66,10.5,8481043
Mario Ferraro,WPG,D,Depth D,,last games,19.7,0.0,4,1,0,1,5,19.7,0.0,4,1,1,5,Not enough games,,82,21.0,8479983
Jack St. Ivany,WPG,D,Depth D,,last season,16.3,0.0,2,0,0,0,0,14.2,0.0,2,0,0,0,Not enough games,,20,16.3,8481030
Haydn Fleury,WPG,D,Depth D,,last season,13.9,0.2,0,0,0,0,0,,,0,0,0,0,Not enough games,,38,13.9,8477938
Tyrel Bauer,WPG,D,Depth (no NHL data),,no NHL data,0.0,0.0,2,0,0,0,0,7.3,0.0,2,0,0,0,Not enough games,,0,0.0,8482459
Boone Jenner,WSH,C,Top-line C,,last games,16.4,0.0,3,0,1,1,8,16.4,0.0,3,0,1,8,Not enough games,,67,16.1,8476432
Jakob Chychrun,WSH,D,Top-pair D,Yes,last games,23.8,2.9,3,1,2,3,6,23.8,2.9,3,1,3,6,Not enough games,,80,23.3,8479345
Matt Roy,WSH,D,Top-pair D,,last season,20.6,0.1,2,0,0,0,0,18.4,0.0,2,0,0,0,Not enough games,,79,20.6,8478911
Tom Wilson,WSH,R,Top-6 F,Yes,last games,18.1,2.6,3,1,3,4,4,18.1,2.6,3,1,4,4,Not enough games,,72,19.5,8476880
Alex Tuch,WSH,R,Top-6 F,,last games,17.7,1.9,3,3,0,3,11,17.7,1.9,3,3,3,11,Not enough games,,79,19.0,8477949
Aliaksei Protas,WSH,L,Top-6 F,,last games,16.3,0.0,3,0,1,1,3,16.3,0.0,3,0,1,3,Not enough games,,76,18.2,8481656
Pierre-Luc Dubois,WSH,C,Top-6 F,Yes,last games,16.1,2.7,3,1,3,4,5,16.1,2.7,3,1,4,5,Not enough games,,29,16.8,8479400
Dylan Strome,WSH,C,Top-6 F,Yes,last games,14.9,2.7,3,0,3,3,4,14.9,2.7,3,0,3,4,Not enough games,,80,18.0,8478440
Martin Fehérváry,WSH,D,Top-4 D,,last games,20.5,0.1,3,0,0,0,1,20.5,0.1,3,0,0,1,Not enough games,,81,19.3,8480796
Vincent Desharnais,WSH,D,Top-4 D,,last games,19.2,0.0,3,0,0,0,1,19.2,0.0,3,0,0,1,Not enough games,,53,18.2,8479576
Justin Sourdif,WSH,C,Depth F,,last games,13.5,0.0,3,1,0,1,1,13.5,0.0,3,1,1,1,Not enough games,,78,14.7,8482088
Alex Ovechkin,WSH,L,Depth F,Yes,last games,13.5,3.2,3,0,1,1,3,13.5,3.2,3,0,1,3,Not enough games,,82,17.4,8471214
Ryan Leonard,WSH,R,Depth F,,last games,13.4,1.7,3,2,0,2,8,13.4,1.7,3,2,2,8,Not enough games,,75,14.4,8484186
Jordan Kyrou,WSH,R,Depth F,,last games,13.0,1.8,3,0,1,1,4,13.0,1.8,3,0,1,4,Not enough games,,72,15.7,8479385
Ethen Frank,WSH,R,Depth F,,last season,12.2,1.5,0,0,0,0,0,,,0,0,0,0,Not enough games,,62,12.2,8483573
Anthony Beauvillier,WSH,R,Depth F,,last games,12.1,0.0,3,1,0,1,6,12.1,0.0,3,1,1,6,Not enough games,,82,15.8,8478463
Ilya Protas,WSH,L,Depth F,,last games,11.1,1.4,3,0,1,1,1,11.1,1.4,3,0,1,1,Not enough games,,4,15.9,8484999
Ivan Miroshnichenko,WSH,L,Depth F,,last season,9.6,0.0,0,0,0,0,0,,,0,0,0,0,Not enough games,,13,9.6,8483491
Cole Hutson,WSH,D,Depth D,,last games,18.2,1.7,3,1,1,2,7,18.2,1.7,3,1,2,7,Not enough games,,14,17.5,8484873
Timothy Liljegren,WSH,D,Depth D,,last games,17.7,0.0,3,0,0,0,2,17.7,0.0,3,0,0,2,Not enough games,,47,19.9,8480043
Dylan McIlrath,WSH,D,Depth D,,last season,9.3,0.0,1,0,0,0,0,9.0,0.0,1,0,0,0,Not enough games,,13,9.3,8475795
