playerId,gameId,gameDate,goalieFullName,teamAbbrev,opponentTeamAbbrev,gamesStarted,shotsAgainst,saves,goalsAgainst,timeOnIce
8474593,2026020001,2026-09-29,Jacob Markstrom,FLA,CAR,1,15,15,0,3895
8475683,2026020002,2026-09-29,Sergei Bobrovsky,TOR,MTL,1,24,21,3,3525
8477465,2026020004,2026-09-29,Tristan Jarry,EDM,VAN,1,23,17,6,3693
8478048,2026020003,2026-09-29,Igor Shesterkin,NYR,BOS,1,22,20,2,3563
8479394,2026020005,2026-09-29,Carter Hart,VGK,CHI,1,26,24,2,3597
8480280,2026020003,2026-09-29,Jeremy Swayman,BOS,NYR,1,24,24,0,3600
8480947,2026020004,2026-09-29,Kevin Lankinen,VAN,EDM,1,37,32,5,3703
8481519,2026020005,2026-09-29,Spencer Knight,CHI,VGK,1,36,32,4,3587
8482487,2026020002,2026-09-29,Jakub Dobes,MTL,TOR,1,28,26,2,3576
8483548,2026020001,2026-09-29,Brandon Bussi,CAR,FLA,1,20,19,1,3895
8475311,2026020007,2026-09-30,Darcy Kuemper,LAK,COL,1,29,21,8,3565
8476932,2026020008,2026-09-30,Anthony Stolarz,TOR,NYI,1,27,26,1,3502
8478009,2026020008,2026-09-30,Ilya Sorokin,NYI,TOR,1,26,24,2,3476
8478406,2026020007,2026-09-30,Mackenzie Blackwood,COL,LAK,1,31,27,4,3600
8478435,2026020006,2026-09-30,Dan Vladar,PHI,PIT,1,38,31,7,3581
8481668,2026020006,2026-09-30,Arturs Silovs,PIT,PHI,1,19,19,0,3600
8474596,2026020009,2026-10-01,Jake Allen,NJD,PHI,1,25,23,2,3803
8476883,2026020010,2026-10-01,Andrei Vasilevskiy,TBL,NYR,1,24,20,4,3352
8477424,2026020012,2026-10-01,Juuse Saros,NSH,MIN,1,30,27,3,3499
8478048,2026020010,2026-10-01,Igor Shesterkin,NYR,TBL,1,25,24,1,3600
8478872,2026020013,2026-10-01,Karel Vejmelka,UTA,CHI,1,15,15,0,3600
8478916,2026020014,2026-10-01,Joey Daccord,SEA,CGY,1,25,24,1,3570
8479361,2026020009,2026-10-01,Joseph Woll,PHI,NJD,1,44,41,3,3769
8480045,2026020011,2026-10-01,Ukko-Pekka Luukkonen,BUF,CBJ,1,22,17,5,3548
8480947,2026020015,2026-10-01,Kevin Lankinen,VAN,EDM,1,20,13,8,1703
8481033,2026020016,2026-10-01,Akira Schmid,FLA,SJS,1,32,28,4,3794
8481692,2026020014,2026-10-01,Dustin Wolf,CGY,SEA,1,32,26,6,3590
8482137,2026020016,2026-10-01,Yaroslav Askarov,SJS,FLA,1,26,23,3,3794
8482221,2026020015,2026-10-01,Devon Levi,EDM,VAN,1,22,15,7,3591
8482447,2026020015,2026-10-01,Leevi Merilainen,VAN,EDM,0,11,10,1,1841
8482661,2026020012,2026-10-01,Jesper Wallstedt,MIN,NSH,1,20,19,1,3554
8482821,2026020013,2026-10-01,Arvid Soderblom,CHI,UTA,1,32,26,6,3600
8482982,2026020011,2026-10-01,Jet Greaves,CBJ,BUF,1,26,23,3,3600
