playerId,gameId,gameDate,skaterFullName,teamAbbrev,opponentTeamAbbrev,homeRoad,positionCode,goals,assists,points,shots,ppPoints,timeOnIce,ppTimeOnIce
8473533,2026020001,2026-09-29,Jordan Staal,CAR,FLA,H,C,0,0,0,0,0,1037,88
8474013,2026020005,2026-09-29,Ian Cole,CHI,VGK,R,D,0,0,0,0,0,760,0
8474141,2026020005,2026-09-29,Patrick Kane,CHI,VGK,R,R,1,0,1,4,0,1296,183
8474189,2026020001,2026-09-29,Lars Eller,FLA,CAR,R,C,0,0,0,1,0,694,0
8474568,2026020004,2026-09-29,Luke Schenn,VAN,EDM,R,D,0,0,0,2,0,865,0
8475166,2026020002,2026-09-29,John Tavares,TOR,MTL,H,C,0,1,1,4,0,996,207
8475171,2026020002,2026-09-29,Oliver Ekman-Larsson,TOR,MTL,H,D,0,0,0,1,0,1087,0
8475179,2026020001,2026-09-29,Dmitry Kulikov,FLA,CAR,R,D,0,0,0,0,0,706,0
8475184,2026020002,2026-09-29,Chris Kreider,MTL,TOR,R,L,0,0,0,1,0,861,96
8475188,2026020005,2026-09-29,Brayden McNabb,VGK,CHI,H,D,0,2,2,1,0,1125,0
8475218,2026020004,2026-09-29,Mattias Ekholm,EDM,VAN,H,D,0,0,0,2,0,1256,0
8475235,2026020001,2026-09-29,Nicolas Deslauriers,CAR,FLA,H,L,0,0,0,0,0,301,0
8475343,2026020005,2026-09-29,Nic Dowd,VGK,CHI,H,C,0,1,1,0,0,757,1
8475462,2026020001,2026-09-29,Radko Gudas,FLA,CAR,R,D,0,0,0,0,0,645,0
8475690,2026020002,2026-09-29,Chris Tanev,TOR,MTL,H,D,0,0,0,1,0,1119,0
8475786,2026020004,2026-09-29,Zach Hyman,EDM,VAN,H,L,0,0,0,3,0,1233,304
8475791,2026020001,2026-09-29,Taylor Hall,CAR,FLA,H,L,0,0,0,1,0,927,168
8475848,2026020004,2026-09-29,Brendan Gallagher,VAN,EDM,R,R,0,0,0,1,0,654,0
8475913,2026020005,2026-09-29,Mark Stone,VGK,CHI,H,R,1,0,1,1,0,1031,216
8476374,2026020003,2026-09-29,Sean Kuraly,BOS,NYR,H,C,0,0,0,2,0,901,0
8476448,2026020005,2026-09-29,William Karlsson,VGK,CHI,H,C,0,0,0,1,0,1046,74
8476459,2026020003,2026-09-29,Mika Zibanejad,NYR,BOS,R,C,0,0,0,2,0,1111,107
8476467,2026020004,2026-09-29,Jamieson Oleksiak,VAN,EDM,R,D,0,1,1,0,0,1418,0
8476468,2026020003,2026-09-29,J.T. Miller,NYR,BOS,R,C,0,0,0,2,0,972,76
8476473,2026020004,2026-09-29,Connor Murphy,EDM,VAN,H,D,0,0,0,2,0,1109,2
8476479,2026020002,2026-09-29,Phillip Danault,MTL,TOR,R,C,0,0,0,0,0,937,3
8476853,2026020002,2026-09-29,Morgan Rielly,TOR,MTL,H,D,0,1,1,1,0,1290,96
8476854,2026020003,2026-09-29,Hampus Lindholm,BOS,NYR,H,D,0,1,1,0,0,1117,53
8476873,2026020001,2026-09-29,Mark Jankowski,CAR,FLA,H,L,0,0,0,0,0,793,51
8476875,2026020002,2026-09-29,Mike Matheson,MTL,TOR,R,D,0,1,1,3,0,1507,21
8476881,2026020005,2026-09-29,Tomas Hertl,VGK,CHI,H,C,0,0,0,4,0,945,227
8476906,2026020001,2026-09-29,Shayne Gostisbehere,CAR,FLA,H,D,0,0,0,1,0,1149,332
8476921,2026020001,2026-09-29,Jordan Martinook,CAR,FLA,H,L,0,0,0,0,0,830,0
8476925,2026020002,2026-09-29,Colton Sissons,TOR,MTL,H,C,0,0,0,0,0,898,0
8476927,2026020002,2026-09-29,Theodor Blueger,TOR,MTL,H,C,0,0,0,1,0,586,1
8476931,2026020002,2026-09-29,Jake McCabe,TOR,MTL,H,D,0,0,0,1,0,698,4
8476958,2026020001,2026-09-29,Jaccob Slavin,CAR,FLA,H,D,0,0,0,1,0,1352,8
8476981,2026020002,2026-09-29,Josh Anderson,MTL,TOR,R,R,1,1,2,3,0,773,1
8477365,2026020003,2026-09-29,Connor Clifton,BOS,NYR,H,D,0,0,0,2,0,1403,8
8477409,2026020001,2026-09-29,Carter Verhaeghe,FLA,CAR,R,C,0,1,1,1,0,1138,269
8477416,2026020003,2026-09-29,Oliver Bjorkstrand,NYR,BOS,R,R,0,0,0,4,0,873,0
8477426,2026020002,2026-09-29,Nicholas Paul,TOR,MTL,H,L,0,0,0,0,0,932,154
8477447,2026020005,2026-09-29,Shea Theodore,VGK,CHI,H,D,0,2,2,1,1,1282,221
8477478,2026020001,2026-09-29,William Carrier,CAR,FLA,H,L,0,0,0,0,0,406,0
8477479,2026020005,2026-09-29,Tyler Bertuzzi,CHI,VGK,R,L,0,0,0,0,0,1011,144
8477493,2026020001,2026-09-29,Aleksander Barkov,FLA,CAR,R,C,0,0,0,1,0,1232,378
8477495,2026020001,2026-09-29,Seth Jones,FLA,CAR,R,D,0,0,0,1,0,1739,446
8477496,2026020003,2026-09-29,Elias Lindholm,BOS,NYR,H,C,0,1,1,0,0,959,39
8477507,2026020003,2026-09-29,Nikita Zadorov,BOS,NYR,H,D,0,0,0,1,0,1314,0
8477903,2026020001,2026-09-29,Garnet Hathaway,FLA,CAR,R,R,0,0,0,0,0,577,6
8477932,2026020001,2026-09-29,Aaron Ekblad,FLA,CAR,R,D,0,0,0,0,0,1217,283
8477933,2026020001,2026-09-29,Sam Reinhart,FLA,CAR,R,C,0,0,0,2,0,1257,445
8477934,2026020004,2026-09-29,Leon Draisaitl,EDM,VAN,H,C,0,1,1,5,1,1275,321
8477935,2026020001,2026-09-29,Sam Bennett,FLA,CAR,R,C,0,0,0,1,0,1148,334
8477939,2026020002,2026-09-29,William Nylander,TOR,MTL,H,R,2,0,2,5,0,1135,191
8477940,2026020001,2026-09-29,Nikolaj Ehlers,CAR,FLA,H,L,0,0,0,2,0,1164,411
8477953,2026020004,2026-09-29,Kasperi Kapanen,EDM,VAN,H,R,0,0,0,3,0,1075,110
8477956,2026020003,2026-09-29,David Pastrnak,BOS,NYR,H,R,0,0,0,4,0,1052,88
8477964,2026020005,2026-09-29,Ivan Barbashev,VGK,CHI,H,L,0,2,2,1,0,867,0
8477969,2026020003,2026-09-29,Marcus Pettersson,NYR,BOS,R,D,0,0,0,1,0,1388,13
8477987,2026020005,2026-09-29,Ryan Donato,CHI,VGK,R,C,0,0,0,2,0,770,86
8478013,2026020004,2026-09-29,Jake Walman,EDM,VAN,H,D,0,0,0,1,0,985,97
8478055,2026020001,2026-09-29,Gustav Forsling,FLA,CAR,R,D,1,0,1,2,0,1360,153
8478109,2026020005,2026-09-29,Victor Olofsson,VGK,CHI,H,L,1,0,1,2,1,837,83
8478133,2026020002,2026-09-29,Jake Evans,MTL,TOR,R,C,0,0,0,1,0,890,0
8478147,2026020001,2026-09-29,Bokondji Imama,FLA,CAR,R,L,0,0,0,0,0,363,0
8478178,2026020002,2026-09-29,Darren Raddysh,TOR,MTL,H,D,0,0,0,3,0,1427,260
8478233,2026020005,2026-09-29,Andrew Mangiapane,CHI,VGK,R,L,0,0,0,1,0,323,0
8478396,2026020005,2026-09-29,Noah Hanifin,VGK,CHI,H,D,1,0,1,3,0,1131,0
8478397,2026020005,2026-09-29,Rasmus Andersson,VGK,CHI,H,D,0,0,0,2,0,1126,80
8478401,2026020003,2026-09-29,Pavel Zacha,BOS,NYR,H,C,0,0,0,3,0,924,73
8478402,2026020004,2026-09-29,Connor McDavid,EDM,VAN,H,C,0,2,2,0,0,1371,320
8478403,2026020005,2026-09-29,Jack Eichel,VGK,CHI,H,C,1,2,3,2,1,1080,233
8478413,2026020005,2026-09-29,Jordan Greenway,CHI,VGK,R,L,1,0,1,5,0,848,0
8478427,2026020001,2026-09-29,Sebastian Aho,CAR,FLA,H,C,0,0,0,4,0,1256,349
8478444,2026020004,2026-09-29,Brock Boeser,VAN,EDM,R,R,0,1,1,1,1,891,77
8478450,2026020005,2026-09-29,Parker Wotherspoon,VGK,CHI,H,D,0,0,0,1,0,1208,4
8478458,2026020002,2026-09-29,Jack Roslovic,TOR,MTL,H,C,0,0,0,2,0,1094,153
8478468,2026020005,2026-09-29,Jeremy Lauzon,VGK,CHI,H,D,0,0,0,3,0,1040,0
8478472,2026020004,2026-09-29,Mathieu Joseph,EDM,VAN,H,R,0,0,0,0,0,897,5
8478483,2026020005,2026-09-29,Mitch Marner,VGK,CHI,H,R,0,0,0,4,0,1281,215
8478498,2026020004,2026-09-29,Jake DeBrusk,VAN,EDM,R,L,0,1,1,0,0,935,81
8478840,2026020003,2026-09-29,William Borgen,BOS,NYR,H,D,0,0,0,1,0,1063,0
8478851,2026020002,2026-09-29,Alexandre Carrier,MTL,TOR,R,D,1,1,2,3,0,1314,0
8478854,2026020004,2026-09-29,Ryan Shea,EDM,VAN,H,D,0,1,1,0,0,1361,125
8478859,2026020001,2026-09-29,Niko Mikkola,FLA,CAR,R,D,0,0,0,4,0,1292,0
8478882,2026020003,2026-09-29,Vladislav Gavrikov,NYR,BOS,R,D,0,0,0,1,0,1198,0
8478970,2026020001,2026-09-29,Jalen Chatfield,CAR,FLA,H,D,0,0,0,0,0,1152,6
8479314,2026020001,2026-09-29,Matthew Tkachuk,FLA,CAR,R,L,0,0,0,2,0,1141,505
8479318,2026020002,2026-09-29,Auston Matthews,TOR,MTL,H,C,0,0,0,3,0,1354,244
8479323,2026020003,2026-09-29,Adam Fox,NYR,BOS,R,D,0,0,0,0,0,1105,73
8479353,2026020005,2026-09-29,Brett Howden,VGK,CHI,H,C,0,0,0,3,0,1036,0
8479365,2026020004,2026-09-29,Trent Frederic,EDM,VAN,H,C,0,0,0,1,0,561,87
8479368,2026020004,2026-09-29,Max Jones,EDM,VAN,H,L,0,0,0,2,0,738,0
8479425,2026020004,2026-09-29,Filip Hronek,VAN,EDM,R,D,0,2,2,2,1,1508,53
8479442,2026020002,2026-09-29,Troy Stecher,TOR,MTL,H,D,0,0,0,0,0,1145,0
8479520,2026020002,2026-09-29,Brandon Duhaime,TOR,MTL,H,L,0,0,0,0,0,544,0
8479661,2026020003,2026-09-29,Tanner Jeannot,BOS,NYR,H,L,0,0,0,0,0,793,0
8479772,2026020002,2026-09-29,Zack MacEwen,TOR,MTL,H,R,0,0,0,0,0,325,0
8479987,2026020003,2026-09-29,Morgan Geekie,BOS,NYR,H,C,0,0,0,1,0,978,75
8479999,2026020003,2026-09-29,Casey Mittelstadt,BOS,NYR,H,C,0,0,0,3,0,868,31
8480009,2026020003,2026-09-29,Eeli Tolvanen,NYR,BOS,R,R,0,0,0,2,0,836,43
8480012,2026020004,2026-09-29,Elias Pettersson,VAN,EDM,R,C,1,0,1,1,1,1163,82
8480018,2026020002,2026-09-29,Nick Suzuki,MTL,TOR,R,C,0,0,0,2,0,1123,141
8480029,2026020004,2026-09-29,Alex Formenton,EDM,VAN,H,L,0,1,1,2,0,909,0
8480074,2026020002,2026-09-29,Alexandre Texier,MTL,TOR,R,L,0,0,0,0,0,733,94
8480185,2026020001,2026-09-29,Eetu Luostarinen,FLA,CAR,R,C,0,0,0,1,0,838,52
8480336,2026020001,2026-09-29,Sean Walker,CAR,FLA,H,D,0,0,0,1,0,1150,23
8480355,2026020003,2026-09-29,Mark Kastelic,BOS,NYR,H,C,1,0,1,1,0,787,0
8480434,2026020003,2026-09-29,Sean Durzi,NYR,BOS,R,D,0,0,0,1,0,1395,47
8480762,2026020001,2026-09-29,Eric Robinson,CAR,FLA,H,L,0,0,0,0,0,780,0
8480801,2026020001,2026-09-29,Brady Tkachuk,FLA,CAR,R,L,0,0,0,1,0,993,365
8480803,2026020004,2026-09-29,Evan Bouchard,EDM,VAN,H,D,3,2,5,6,1,1541,317
8480813,2026020003,2026-09-29,Joseph Veleno,NYR,BOS,R,C,0,0,0,0,0,957,0
8480817,2026020001,2026-09-29,K'Andre Miller,CAR,FLA,H,D,0,0,0,0,0,1515,179
8480830,2026020001,2026-09-29,Andrei Svechnikov,CAR,FLA,H,R,0,0,0,2,0,981,348
8480865,2026020002,2026-09-29,Noah Dobson,MTL,TOR,R,D,0,0,0,1,0,1316,88
8480893,2026020002,2026-09-29,Kirill Marchenko,TOR,MTL,H,R,0,1,1,4,0,1208,205
8481024,2026020004,2026-09-29,Linus Karlsson,VAN,EDM,R,C,0,1,1,2,0,817,38
8481032,2026020004,2026-09-29,Paul Cotter,VAN,EDM,R,L,2,0,2,3,0,711,0
8481219,2026020003,2026-09-29,Jonathan Aspirot,BOS,NYR,H,D,0,0,0,0,0,1033,0
8481523,2026020002,2026-09-29,Kirby Dach,MTL,TOR,R,C,0,1,1,1,0,667,0
8481524,2026020005,2026-09-29,Bowen Byram,CHI,VGK,R,D,0,0,0,0,0,1508,187
8481540,2026020002,2026-09-29,Cole Caufield,MTL,TOR,R,R,0,0,0,3,0,955,143
8481568,2026020005,2026-09-29,Alex Vlasic,CHI,VGK,R,D,0,0,0,0,0,1201,0
8481593,2026020002,2026-09-29,Jayden Struble,MTL,TOR,R,D,0,0,0,0,0,662,0
8481604,2026020003,2026-09-29,Pavel Dorofeyev,NYR,BOS,R,R,0,0,0,5,0,949,76
8481617,2026020004,2026-09-29,Vasily Podkolzin,EDM,VAN,H,R,2,0,2,7,1,1100,290
8481618,2026020002,2026-09-29,Alex Newhook,MTL,TOR,R,C,0,0,0,1,0,971,84
8481789,2026020003,2026-09-29,Tye Kartye,NYR,BOS,R,L,0,0,0,0,0,800,1
8482055,2026020004,2026-09-29,Drew O'Connor,VAN,EDM,R,L,0,1,1,3,0,1060,37
8482062,2026020005,2026-09-29,Cole Smith,CHI,VGK,R,R,0,0,0,1,0,916,0
8482073,2026020003,2026-09-29,Braden Schneider,NYR,BOS,R,D,0,0,0,2,0,974,0
8482079,2026020004,2026-09-29,Marco Rossi,VAN,EDM,R,C,1,0,1,1,0,901,54
8482109,2026020003,2026-09-29,Alexis Lafrenière,NYR,BOS,R,L,0,0,0,0,0,1097,94
8482113,2026020001,2026-09-29,Anton Lundell,FLA,CAR,R,C,0,0,0,3,0,1142,253
8482157,2026020003,2026-09-29,Will Cuylle,NYR,BOS,R,L,0,0,0,3,0,903,26
8482166,2026020004,2026-09-29,Shakir Mukhamadullin,EDM,VAN,H,D,0,0,0,0,0,783,0
8482175,2026020003,2026-09-29,John-Jason Peterka,BOS,NYR,H,R,1,0,1,1,0,1029,89
8482176,2026020005,2026-09-29,Wyatt Kaiser,CHI,VGK,R,D,0,1,1,0,0,1237,3
8482177,2026020003,2026-09-29,Marat Khusnutdinov,BOS,NYR,H,C,0,1,1,0,0,803,0
8482460,2026020003,2026-09-29,Matt Rempe,NYR,BOS,R,C,0,0,0,1,0,589,0
8482511,2026020003,2026-09-29,Mason Lohrei,BOS,NYR,H,D,0,1,1,0,0,1161,67
8482702,2026020001,2026-09-29,Logan Stankoven,CAR,FLA,H,C,0,0,0,0,0,1194,166
8482703,2026020004,2026-09-29,Colton Dach,EDM,VAN,H,C,0,0,0,2,0,889,24
8482737,2026020002,2026-09-29,Zachary Bolduc,MTL,TOR,R,R,1,0,1,2,0,664,88
8482809,2026020001,2026-09-29,Jackson Blake,CAR,FLA,H,R,0,0,0,2,0,1298,461
8482964,2026020002,2026-09-29,Arber Xhekaj,MTL,TOR,R,D,0,0,0,0,0,740,0
8483395,2026020004,2026-09-29,Arshdeep Bains,VAN,EDM,R,L,0,0,0,0,0,652,0
8483450,2026020005,2026-09-29,Ryan Greene,CHI,VGK,R,C,0,1,1,1,0,883,0
8483455,2026020004,2026-09-29,Isaac Howard,EDM,VAN,H,L,0,0,0,1,0,666,104
8483457,2026020002,2026-09-29,Lane Hutson,MTL,TOR,R,D,0,0,0,0,0,1447,152
8483476,2026020004,2026-09-29,Jonathan Lekkerimaki,VAN,EDM,R,R,1,0,1,1,0,756,0
8483489,2026020003,2026-09-29,Fraser Minten,BOS,NYR,H,C,1,1,2,3,0,888,45
8483493,2026020005,2026-09-29,Frank Nazar,CHI,VGK,R,C,0,0,0,3,0,1081,96
8483499,2026020004,2026-09-29,Liam Ohgren,VAN,EDM,R,L,0,1,1,1,0,1049,0
8483506,2026020005,2026-09-29,Sam Rinzel,CHI,VGK,R,D,0,0,0,2,0,1096,53
8483515,2026020002,2026-09-29,Juraj Slafkovský,MTL,TOR,R,L,0,0,0,2,0,1073,146
8483553,2026020005,2026-09-29,Marc Gatcomb,VGK,CHI,H,C,0,1,1,3,0,631,0
8483678,2026020004,2026-09-29,Elias Pettersson,VAN,EDM,R,D,0,0,0,2,0,961,41
8483690,2026020003,2026-09-29,Noah Laba,NYR,BOS,R,C,0,0,0,0,0,776,0
8483771,2026020001,2026-09-29,Sandis Vilmanis,FLA,CAR,R,L,0,0,0,0,0,683,0
8483890,2026020005,2026-09-29,Braeden Bowman,VGK,CHI,H,R,0,0,0,1,0,658,83
8484136,2026020004,2026-09-29,Max Sasson,VAN,EDM,R,C,1,1,2,2,0,997,0
8484158,2026020002,2026-09-29,Easton Cowan,TOR,MTL,H,R,0,1,1,1,0,958,132
8484185,2026020005,2026-09-29,Nick Lardis,CHI,VGK,R,L,0,0,0,2,0,704,84
8484197,2026020005,2026-09-29,Oliver Moore,CHI,VGK,R,C,0,0,0,2,0,837,54
8484210,2026020003,2026-09-29,Gabe Perreault,NYR,BOS,R,R,0,0,0,0,0,980,44
8484240,2026020004,2026-09-29,Tom Willander,VAN,EDM,R,D,0,0,0,0,0,1240,66
8484390,2026020005,2026-09-29,Roman Kantserov,CHI,VGK,R,R,0,0,0,1,0,1027,156
8484428,2026020001,2026-09-29,Charles Alexis Legault,CAR,FLA,H,D,0,0,0,1,0,760,0
8484783,2026020005,2026-09-29,Artyom Levshunov,CHI,VGK,R,D,0,0,0,1,0,1154,0
8484798,2026020004,2026-09-29,Zeev Buium,VAN,EDM,R,D,0,0,0,1,0,1366,66
8484803,2026020005,2026-09-29,Trevor Connelly,VGK,CHI,H,L,1,0,1,4,0,682,68
8484984,2026020002,2026-09-29,Ivan Demidov,MTL,TOR,R,R,0,0,0,1,0,911,143
8485391,2026020005,2026-09-29,Anton Frondell,CHI,VGK,R,C,0,0,0,1,0,1060,154
8485395,2026020003,2026-09-29,James Hagens,BOS,NYR,H,C,0,0,0,1,0,807,32
8485957,2026020003,2026-09-29,Alberts Smits,NYR,BOS,R,D,0,0,0,0,0,1014,0
8486067,2026020002,2026-09-29,Gavin McKenna,TOR,MTL,H,L,0,0,0,1,0,919,153
8486161,2026020004,2026-09-29,Owen Michaels,EDM,VAN,H,R,0,0,0,0,0,502,0
8470613,2026020007,2026-09-30,Brent Burns,COL,LAK,H,D,0,1,1,0,0,923,0
8471215,2026020006,2026-09-30,Evgeni Malkin,PIT,PHI,R,C,1,0,1,2,1,947,118
8471675,2026020006,2026-09-30,Sidney Crosby,PIT,PHI,R,C,0,1,1,3,0,1059,285
8471724,2026020006,2026-09-30,Kris Letang,PIT,PHI,R,D,0,1,1,4,0,1124,109
8474563,2026020007,2026-09-30,Drew Doughty,LAK,COL,R,D,0,1,1,1,0,1361,185
8474578,2026020006,2026-09-30,Erik Karlsson,PIT,PHI,R,D,0,1,1,3,1,1199,304
8475151,2026020008,2026-09-30,Kyle Palmieri,NYI,TOR,R,C,0,0,0,4,0,1115,329
8475166,2026020008,2026-09-30,John Tavares,TOR,NYI,H,C,0,0,0,1,0,1018,266
8475170,2026020008,2026-09-30,Brayden Schenn,NYI,TOR,R,C,0,0,0,1,0,867,312
8475171,2026020008,2026-09-30,Oliver Ekman-Larsson,TOR,NYI,H,D,0,0,0,2,0,930,3
8475172,2026020007,2026-09-30,Nazem Kadri,COL,LAK,H,C,0,2,2,2,2,1077,175
8475208,2026020007,2026-09-30,Brian Dumoulin,LAK,COL,R,D,1,0,1,2,0,990,12
8475231,2026020008,2026-09-30,Casey Cizikas,NYI,TOR,R,C,0,0,0,0,0,569,0
8475287,2026020007,2026-09-30,Erik Haula,LAK,COL,R,L,0,1,1,3,0,926,178
8475690,2026020008,2026-09-30,Chris Tanev,TOR,NYI,H,D,0,0,0,0,0,1239,0
8475692,2026020007,2026-09-30,Mats Zuccarello,LAK,COL,R,R,0,0,0,0,0,1079,302
8475754,2026020007,2026-09-30,Brock Nelson,COL,LAK,H,C,1,2,3,1,3,1154,141
8475768,2026020007,2026-09-30,Jaden Schwartz,COL,LAK,H,L,0,2,2,1,1,769,147
8476292,2026020008,2026-09-30,Ondrej Palat,NYI,TOR,R,L,0,0,0,2,0,606,0
8476312,2026020007,2026-09-30,Josh Manson,COL,LAK,H,D,0,1,1,1,0,871,0
8476372,2026020006,2026-09-30,Nick Seeler,PHI,PIT,H,D,0,0,0,0,0,1194,0
8476419,2026020008,2026-09-30,Jean-Gabriel Pageau,NYI,TOR,R,C,0,0,0,1,0,830,0
8476441,2026020007,2026-09-30,Joel Edmundson,LAK,COL,R,D,0,0,0,1,0,934,0
8476455,2026020007,2026-09-30,Gabriel Landeskog,COL,LAK,H,L,1,0,1,1,0,1072,248
8476461,2026020006,2026-09-30,Sean Couturier,PHI,PIT,H,C,0,0,0,0,0,904,13
8476469,2026020007,2026-09-30,Joel Armia,LAK,COL,R,R,1,0,1,2,0,775,94
8476483,2026020006,2026-09-30,Rickard Rakell,PIT,PHI,R,R,0,1,1,2,1,1112,292
8476853,2026020008,2026-09-30,Morgan Rielly,TOR,NYI,H,D,0,1,1,1,1,1189,198
8476872,2026020007,2026-09-30,Scott Laughton,LAK,COL,R,C,0,0,0,3,0,907,8
8476879,2026020007,2026-09-30,Cody Ceci,LAK,COL,R,D,0,1,1,1,0,1164,4
8476917,2026020008,2026-09-30,Adam Pelech,NYI,TOR,R,D,0,0,0,0,0,1191,32
8476925,2026020008,2026-09-30,Colton Sissons,TOR,NYI,H,C,1,0,1,2,0,682,0
8476927,2026020008,2026-09-30,Theodor Blueger,TOR,NYI,H,C,0,0,0,0,0,752,0
8476931,2026020008,2026-09-30,Jake McCabe,TOR,NYI,H,D,0,0,0,1,0,1219,11
8476967,2026020007,2026-09-30,Brett Kulak,COL,LAK,H,D,0,0,0,0,0,1184,0
8477407,2026020008,2026-09-30,Anthony Duclair,NYI,TOR,R,L,0,0,0,4,0,737,74
8477426,2026020008,2026-09-30,Nicholas Paul,TOR,NYI,H,L,0,1,1,1,0,943,189
8477476,2026020007,2026-09-30,Artturi Lehkonen,COL,LAK,H,L,2,0,2,3,2,1167,146
8477492,2026020007,2026-09-30,Nathan MacKinnon,COL,LAK,H,C,2,0,2,8,1,1064,249
8477499,2026020006,2026-09-30,Rasmus Ristolainen,PHI,PIT,H,D,0,0,0,0,0,1060,13
8477500,2026020008,2026-09-30,Bo Horvat,NYI,TOR,R,C,0,1,1,4,0,1351,359
8477506,2026020008,2026-09-30,Ryan Pulock,NYI,TOR,R,D,0,0,0,0,0,987,0
8477845,2026020006,2026-09-30,Trevor van Riemsdyk,PIT,PHI,R,D,0,0,0,0,0,1242,0
8477939,2026020008,2026-09-30,William Nylander,TOR,NYI,H,R,0,0,0,1,0,1049,269
8477948,2026020006,2026-09-30,Travis Sanheim,PHI,PIT,H,D,0,0,0,3,0,1215,21
8477950,2026020008,2026-09-30,Tony DeAngelo,NYI,TOR,R,D,0,0,0,0,0,1034,105
8477960,2026020007,2026-09-30,Adrian Kempe,LAK,COL,R,R,0,0,0,3,0,1163,300
8477989,2026020006,2026-09-30,Christian Dvorak,PHI,PIT,H,C,0,0,0,2,0,898,108
8478038,2026020007,2026-09-30,Devon Toews,COL,LAK,H,D,0,2,2,0,2,1204,147
8478178,2026020008,2026-09-30,Darren Raddysh,TOR,NYI,H,D,0,0,0,4,0,1236,290
8478438,2026020006,2026-09-30,Thomas Novak,PIT,PHI,R,C,0,1,1,0,1,964,246
8478439,2026020006,2026-09-30,Travis Konecny,PHI,PIT,H,R,0,0,0,2,0,887,196
8478454,2026020007,2026-09-30,Noah Juulsen,COL,LAK,H,D,0,0,0,0,0,675,0
8478458,2026020008,2026-09-30,Jack Roslovic,TOR,NYI,H,C,0,1,1,2,1,893,202
8478462,2026020007,2026-09-30,Nicolas Roy,COL,LAK,H,C,1,0,1,2,0,732,0
8478550,2026020007,2026-09-30,Artemi Panarin,LAK,COL,R,L,1,0,1,2,0,1216,362
8478569,2026020006,2026-09-30,Noel Acciari,PHI,PIT,H,C,0,0,0,1,0,920,13
8479318,2026020008,2026-09-30,Auston Matthews,TOR,NYI,H,C,0,0,0,1,0,1204,285
8479336,2026020006,2026-09-30,Carl Grundstrom,PHI,PIT,H,R,0,0,0,1,0,721,0
8479378,2026020008,2026-09-30,Logan Stanley,NYI,TOR,R,D,0,0,0,0,0,906,0
8479398,2026020006,2026-09-30,Samuel Girard,PIT,PHI,R,D,0,2,2,2,0,1262,107
8479442,2026020008,2026-09-30,Troy Stecher,TOR,NYI,H,D,0,0,0,0,0,965,0
8479520,2026020008,2026-09-30,Brandon Duhaime,TOR,NYI,H,L,0,0,0,2,0,879,0
8479675,2026020007,2026-09-30,Trevor Moore,LAK,COL,R,L,1,0,1,2,0,896,5
8479998,2026020007,2026-09-30,Mikey Anderson,LAK,COL,R,D,0,1,1,2,0,1161,12
8480015,2026020006,2026-09-30,Owen Tippett,PHI,PIT,H,R,0,0,0,4,0,851,192
8480039,2026020007,2026-09-30,Martin Necas,COL,LAK,H,C,0,1,1,4,0,1151,251
8480069,2026020007,2026-09-30,Cale Makar,COL,LAK,H,D,0,2,2,1,1,1094,248
8480220,2026020006,2026-09-30,Noah Cates,PHI,PIT,H,L,0,0,0,1,0,857,101
8480448,2026020007,2026-09-30,Parker Kelly,COL,LAK,H,C,1,1,2,1,0,773,0
8480842,2026020006,2026-09-30,Filip Hallander,PIT,PHI,R,C,1,2,3,3,0,655,0
8480870,2026020008,2026-09-30,Bo Groulx,TOR,NYI,H,C,0,0,0,1,0,589,0
8480893,2026020008,2026-09-30,Kirill Marchenko,TOR,NYI,H,R,0,0,0,3,0,1096,283
8480980,2026020006,2026-09-30,Connor Dewar,PIT,PHI,R,C,0,0,0,0,0,891,0
8481014,2026020008,2026-09-30,Alexander Romanov,NYI,TOR,R,D,0,0,0,2,0,1029,0
8481122,2026020006,2026-09-30,Simon Benoit,PHI,PIT,H,D,0,0,0,0,0,1109,0
8481481,2026020006,2026-09-30,Blake Lizotte,PIT,PHI,R,C,0,0,0,4,0,793,0
8481527,2026020006,2026-09-30,Kaedan Korczak,PIT,PHI,R,D,0,2,2,3,0,1111,0
8481532,2026020007,2026-09-30,Alex Turcotte,LAK,COL,R,C,0,1,1,1,0,935,170
8481533,2026020006,2026-09-30,Trevor Zegras,PHI,PIT,H,C,0,0,0,1,0,985,155
8481546,2026020006,2026-09-30,Cam York,PHI,PIT,H,D,0,0,0,1,0,1268,197
8481582,2026020006,2026-09-30,Nick Robertson,PIT,PHI,R,L,2,0,2,4,0,902,0
8481601,2026020008,2026-09-30,Simon Holmstrom,NYI,TOR,R,R,0,0,0,0,0,1217,166
8481711,2026020008,2026-09-30,Matias Maccelli,NYI,TOR,R,L,0,0,0,1,0,1059,323
8481725,2026020006,2026-09-30,Elmer Soderblom,PIT,PHI,R,L,0,0,0,0,0,759,0
8481732,2026020007,2026-09-30,Andre Lee,LAK,COL,R,L,0,0,0,1,0,476,0
8482124,2026020007,2026-09-30,Quinton Byfield,LAK,COL,R,R,0,0,0,3,0,1139,291
8482142,2026020006,2026-09-30,Jamie Drysdale,PHI,PIT,H,D,0,0,0,0,0,1041,150
8482148,2026020006,2026-09-30,Hendrix Lapierre,PIT,PHI,R,C,1,1,2,1,1,782,126
8482155,2026020007,2026-09-30,Alex Laferriere,LAK,COL,R,R,0,2,2,2,0,931,186
8482159,2026020006,2026-09-30,Tyson Foerster,PHI,PIT,H,R,0,0,0,1,0,1028,154
8482475,2026020006,2026-09-30,Egor Chinakhov,PIT,PHI,R,R,1,0,1,3,1,1018,301
8482476,2026020008,2026-09-30,Emil Heineman,NYI,TOR,R,L,1,0,1,1,0,806,15
8482726,2026020007,2026-09-30,Samuel Helenius,LAK,COL,R,C,0,0,0,1,0,419,0
8482730,2026020007,2026-09-30,Brandt Clarke,LAK,COL,R,D,0,0,0,1,0,1137,291
8482758,2026020006,2026-09-30,Ville Koivunen,PIT,PHI,R,R,1,0,1,2,0,830,162
8482768,2026020007,2026-09-30,Fedor Svechkov,COL,LAK,H,C,0,0,0,0,0,928,0
8483398,2026020006,2026-09-30,Declan Carlile,PIT,PHI,R,D,0,1,1,2,0,990,0
8483731,2026020006,2026-09-30,Alex Bump,PHI,PIT,H,L,0,0,0,1,0,879,186
8484158,2026020008,2026-09-30,Easton Cowan,TOR,NYI,H,R,1,1,2,3,1,803,180
8484221,2026020008,2026-09-30,Calum Ritchie,NYI,TOR,R,C,0,0,0,2,0,963,154
8484258,2026020007,2026-09-30,Sam Malinski,COL,LAK,H,D,0,0,0,2,0,867,5
8484387,2026020006,2026-09-30,Matvei Michkov,PHI,PIT,H,R,0,0,0,1,0,947,152
8485366,2026020008,2026-09-30,Matthew Schaefer,NYI,TOR,R,D,0,0,0,3,0,1665,378
8485388,2026020008,2026-09-30,Victor Eklund,NYI,TOR,R,R,0,0,0,2,0,718,153
8485406,2026020006,2026-09-30,Porter Martone,PHI,PIT,H,R,0,0,0,0,0,845,149
8486067,2026020008,2026-09-30,Gavin McKenna,TOR,NYI,H,L,0,0,0,1,0,932,194
8486171,2026020007,2026-09-30,T.J. Hughes,COL,LAK,H,R,0,0,0,2,0,815,218
