playerId,season,name,team,position,situation,games_played,icetime,xGoals,goals,unblocked_shot_attempts,xRebounds,rebounds,xFreeze,freeze,xOnGoal,ongoal,xPlayStopped,playStopped,xPlayContinuedInZone,playContinuedInZone,xPlayContinuedOutsideZone,playContinuedOutsideZone,flurryAdjustedxGoals,lowDangerShots,mediumDangerShots,highDangerShots,lowDangerxGoals,mediumDangerxGoals,highDangerxGoals,lowDangerGoals,mediumDangerGoals,highDangerGoals,blocked_shot_attempts,penalityMinutes,penalties
8478048,2026,Igor Shesterkin,NYR,G,other,1,0.0,0.0,0.0,0.0,0.0,0.0,0.0,0.0,0.0,0.0,0.0,0.0,0.0,0.0,0.0,0.0,0.0,0.0,0.0,0.0,0.0,0.0,0.0,0.0,0.0,0.0,0.0,0.0,0.0
8478048,2026,Igor Shesterkin,NYR,G,all,1,3563.0,2.62,2.0,54.0,3.01,2.0,4.92,6.0,28.35,22.0,0.06,0.0,13.45,12.0,14.92,17.0,2.58,25.0,14.0,0.0,1.0,1.62,0.0,0.0,2.0,0.0,15.0,0.0,0.0
8478048,2026,Igor Shesterkin,NYR,G,5on5,1,3323.0,2.56,2.0,52.0,2.94,2.0,4.76,5.0,27.63,21.0,0.06,0.0,13.0,12.0,14.66,17.0,2.53,24.0,14.0,0.0,0.95,1.62,0.0,0.0,2.0,0.0,14.0,0.0,0.0
8478048,2026,Igor Shesterkin,NYR,G,4on5,1,120.0,0.05,0.0,2.0,0.07,0.0,0.17,1.0,0.72,1.0,0.0,0.0,0.44,0.0,0.26,0.0,0.05,1.0,0.0,0.0,0.05,0.0,0.0,0.0,0.0,0.0,1.0,0.0,0.0
8478048,2026,Igor Shesterkin,NYR,G,5on4,1,120.0,0.0,0.0,0.0,0.0,0.0,0.0,0.0,0.0,0.0,0.01,0.0,0.0,0.0,0.0,0.0,0.0,0.0,0.0,0.0,0.0,0.0,0.0,0.0,0.0,0.0,0.0,0.0,0.0
8480947,2026,Kevin Lankinen,VAN,G,other,1,39.0,0.34,1.0,3.0,0.14,0.0,0.21,0.0,1.52,1.0,0.01,0.0,0.94,1.0,0.38,0.0,0.31,0.0,2.0,0.0,0.0,0.34,0.0,0.0,1.0,0.0,1.0,0.0,0.0
8480947,2026,Kevin Lankinen,VAN,G,all,1,3703.0,3.68,5.0,72.0,3.62,6.0,5.96,5.0,36.1,37.0,0.06,0.0,17.33,18.0,17.32,14.0,3.5,31.0,13.0,4.0,0.71,1.91,1.05,2.0,1.0,2.0,24.0,0.0,0.0
8480947,2026,Kevin Lankinen,VAN,G,5on5,1,3191.0,2.44,4.0,58.0,2.94,5.0,5.25,5.0,30.52,31.0,0.04,0.0,14.71,16.0,15.59,11.0,2.39,31.0,7.0,3.0,0.71,0.98,0.75,2.0,0.0,2.0,17.0,0.0,0.0
8480947,2026,Kevin Lankinen,VAN,G,4on5,1,354.0,0.89,0.0,11.0,0.54,1.0,0.5,0.0,4.06,5.0,0.0,0.0,1.68,1.0,1.36,3.0,0.8,0.0,4.0,1.0,0.0,0.59,0.3,0.0,0.0,0.0,6.0,0.0,0.0
8480947,2026,Kevin Lankinen,VAN,G,5on4,1,119.0,0.0,0.0,0.0,0.0,0.0,0.0,0.0,0.0,0.0,0.0,0.0,0.0,0.0,0.0,0.0,0.0,0.0,0.0,0.0,0.0,0.0,0.0,0.0,0.0,0.0,0.0,0.0,0.0
8477465,2026,Tristan Jarry,EDM,G,other,1,29.0,0.65,1.0,4.0,0.26,0.0,0.32,1.0,3.3,3.0,0.0,0.0,1.26,2.0,1.49,0.0,0.63,2.0,1.0,1.0,0.13,0.1,0.42,0.0,0.0,1.0,0.0,0.0,0.0
8477465,2026,Tristan Jarry,EDM,G,all,1,3693.0,2.0,6.0,43.0,1.95,0.0,3.84,2.0,22.99,23.0,0.1,0.0,10.03,9.0,12.12,13.0,1.97,21.0,7.0,2.0,0.56,0.75,0.69,1.0,3.0,2.0,13.0,0.0,0.0
8477465,2026,Tristan Jarry,EDM,G,5on5,1,3191.0,1.1,3.0,35.0,1.5,0.0,3.28,1.0,17.58,17.0,0.07,0.0,7.75,7.0,9.33,12.0,1.1,18.0,4.0,1.0,0.39,0.44,0.26,1.0,1.0,1.0,12.0,0.0,0.0
8477465,2026,Tristan Jarry,EDM,G,4on5,1,119.0,0.13,1.0,2.0,0.15,0.0,0.18,0.0,1.34,2.0,0.0,0.0,0.88,0.0,0.65,1.0,0.13,1.0,1.0,0.0,0.04,0.09,0.0,0.0,1.0,0.0,0.0,0.0,0.0
8477465,2026,Tristan Jarry,EDM,G,5on4,1,354.0,0.12,1.0,2.0,0.04,0.0,0.06,0.0,0.76,1.0,0.03,0.0,0.13,0.0,0.65,0.0,0.12,0.0,1.0,0.0,0.0,0.12,0.0,0.0,1.0,0.0,1.0,0.0,0.0
8482487,2026,Jakub Dobes,MTL,G,other,1,195.0,0.16,0.0,4.0,0.41,1.0,0.44,0.0,2.22,1.0,0.14,0.0,1.41,2.0,0.57,0.0,0.07,2.0,1.0,0.0,0.07,0.09,0.0,0.0,0.0,0.0,1.0,0.0,0.0
8482487,2026,Jakub Dobes,MTL,G,all,1,3576.0,2.6,2.0,50.0,3.63,4.0,4.91,9.0,28.97,28.0,0.22,0.0,13.82,13.0,12.95,10.0,2.43,26.0,11.0,1.0,0.83,1.53,0.24,1.0,1.0,0.0,12.0,0.0,0.0
8482487,2026,Jakub Dobes,MTL,G,5on5,1,2781.0,1.82,2.0,39.0,2.63,3.0,4.05,7.0,23.39,23.0,0.06,0.0,11.12,9.0,11.32,10.0,1.81,23.0,8.0,0.0,0.68,1.14,0.0,1.0,1.0,0.0,8.0,0.0,0.0
8482487,2026,Jakub Dobes,MTL,G,4on5,1,360.0,0.62,0.0,7.0,0.59,0.0,0.41,2.0,3.35,4.0,0.0,0.0,1.29,2.0,1.06,0.0,0.55,1.0,2.0,1.0,0.08,0.3,0.24,0.0,0.0,0.0,3.0,0.0,0.0
8482487,2026,Jakub Dobes,MTL,G,5on4,1,240.0,0.0,0.0,0.0,0.0,0.0,0.0,0.0,0.0,0.0,0.02,0.0,0.0,0.0,0.0,0.0,0.0,0.0,0.0,0.0,0.0,0.0,0.0,0.0,0.0,0.0,0.0,0.0,0.0
8480280,2026,Jeremy Swayman,BOS,G,other,1,37.0,0.0,0.0,0.0,0.0,0.0,0.0,0.0,0.0,0.0,0.01,0.0,0.0,0.0,0.0,0.0,0.0,0.0,0.0,0.0,0.0,0.0,0.0,0.0,0.0,0.0,0.0,0.0,0.0
8480280,2026,Jeremy Swayman,BOS,G,all,1,3600.0,2.01,0.0,47.0,2.74,3.0,3.97,9.0,23.88,24.0,0.09,0.0,10.97,11.0,11.24,8.0,1.94,23.0,7.0,1.0,0.94,0.85,0.21,0.0,0.0,0.0,16.0,0.0,0.0
8480280,2026,Jeremy Swayman,BOS,G,5on5,1,3323.0,1.93,0.0,44.0,2.67,3.0,3.83,8.0,22.46,22.0,0.08,0.0,10.4,11.0,10.11,7.0,1.86,21.0,7.0,1.0,0.87,0.85,0.21,0.0,0.0,0.0,15.0,0.0,0.0
8480280,2026,Jeremy Swayman,BOS,G,4on5,1,120.0,0.06,0.0,2.0,0.06,0.0,0.12,1.0,0.73,1.0,0.0,0.0,0.39,0.0,0.36,0.0,0.06,1.0,0.0,0.0,0.06,0.0,0.0,0.0,0.0,0.0,1.0,0.0,0.0
8480280,2026,Jeremy Swayman,BOS,G,5on4,1,120.0,0.01,0.0,1.0,0.01,0.0,0.02,0.0,0.69,1.0,0.01,0.0,0.18,0.0,0.77,1.0,0.01,1.0,0.0,0.0,0.01,0.0,0.0,0.0,0.0,0.0,0.0,0.0,0.0
8481519,2026,Spencer Knight,CHI,G,other,1,3.0,0.0,0.0,0.0,0.0,0.0,0.0,0.0,0.0,0.0,0.0,0.0,0.0,0.0,0.0,0.0,0.0,0.0,0.0,0.0,0.0,0.0,0.0,0.0,0.0,0.0,0.0,0.0,0.0
8481519,2026,Spencer Knight,CHI,G,all,1,3587.0,3.46,4.0,62.0,4.01,4.0,6.71,9.0,36.7,36.0,0.07,0.0,18.19,14.0,17.52,19.0,3.4,35.0,12.0,3.0,1.18,1.5,0.78,1.0,1.0,2.0,12.0,0.0,0.0
8481519,2026,Spencer Knight,CHI,G,5on5,1,3043.0,2.47,3.0,53.0,3.34,4.0,5.95,9.0,30.63,31.0,0.05,0.0,15.46,14.0,14.7,12.0,2.4,33.0,7.0,2.0,1.06,0.86,0.55,0.0,1.0,2.0,11.0,0.0,0.0
8481519,2026,Spencer Knight,CHI,G,4on5,1,301.0,0.88,1.0,7.0,0.62,0.0,0.72,0.0,5.32,4.0,0.0,0.0,2.59,0.0,2.17,6.0,0.88,2.0,4.0,1.0,0.12,0.53,0.23,1.0,0.0,0.0,0.0,0.0,0.0
8481519,2026,Spencer Knight,CHI,G,5on4,1,240.0,0.12,0.0,2.0,0.05,0.0,0.03,0.0,0.74,1.0,0.01,0.0,0.14,0.0,0.65,1.0,0.12,0.0,1.0,0.0,0.0,0.12,0.0,0.0,0.0,0.0,1.0,0.0,0.0
8483548,2026,Brandon Bussi,CAR,G,other,1,224.0,0.39,1.0,8.0,0.29,0.0,0.54,0.0,3.76,3.0,0.01,0.0,1.62,2.0,2.15,2.0,0.39,3.0,2.0,0.0,0.14,0.26,0.0,1.0,0.0,0.0,3.0,0.0,0.0
8483548,2026,Brandon Bussi,CAR,G,all,1,3895.0,1.91,1.0,51.0,2.1,0.0,3.22,4.0,23.51,20.0,0.07,0.0,10.84,9.0,12.88,17.0,1.89,20.0,11.0,0.0,0.48,1.43,0.0,1.0,0.0,0.0,20.0,0.0,0.0
8483548,2026,Brandon Bussi,CAR,G,5on5,1,2637.0,1.15,0.0,28.0,1.28,0.0,2.09,3.0,14.69,12.0,0.02,0.0,6.8,5.0,7.65,11.0,1.15,12.0,7.0,0.0,0.17,0.98,0.0,0.0,0.0,0.0,9.0,0.0,0.0
8483548,2026,Brandon Bussi,CAR,G,4on5,1,612.0,0.34,0.0,11.0,0.47,0.0,0.55,1.0,3.48,3.0,0.0,0.0,1.92,2.0,1.71,2.0,0.33,3.0,2.0,0.0,0.14,0.2,0.0,0.0,0.0,0.0,6.0,0.0,0.0
8483548,2026,Brandon Bussi,CAR,G,5on4,1,422.0,0.03,0.0,4.0,0.05,0.0,0.04,0.0,1.57,2.0,0.04,0.0,0.49,0.0,1.38,2.0,0.03,2.0,0.0,0.0,0.03,0.0,0.0,0.0,0.0,0.0,2.0,0.0,0.0
8475683,2026,Sergei Bobrovsky,TOR,G,other,1,144.0,0.15,0.0,3.0,0.17,0.0,0.43,0.0,2.17,2.0,0.0,0.0,0.91,0.0,1.34,3.0,0.15,3.0,0.0,0.0,0.15,0.0,0.0,0.0,0.0,0.0,0.0,0.0,0.0
8475683,2026,Sergei Bobrovsky,TOR,G,all,1,3525.0,2.29,3.0,51.0,2.65,1.0,4.38,5.0,26.5,24.0,0.07,0.0,12.72,8.0,13.89,19.0,2.2,25.0,10.0,1.0,0.68,1.25,0.36,1.0,1.0,1.0,15.0,0.0,0.0
8475683,2026,Sergei Bobrovsky,TOR,G,5on5,1,2781.0,1.76,3.0,40.0,1.9,1.0,3.53,4.0,20.61,19.0,0.06,0.0,9.79,7.0,10.96,13.0,1.71,19.0,8.0,1.0,0.36,1.04,0.36,1.0,1.0,1.0,12.0,0.0,0.0
8475683,2026,Sergei Bobrovsky,TOR,G,4on5,1,240.0,0.38,0.0,8.0,0.58,0.0,0.42,1.0,3.73,3.0,0.0,0.0,2.01,1.0,1.59,3.0,0.34,3.0,2.0,0.0,0.17,0.21,0.0,0.0,0.0,0.0,3.0,0.0,0.0
8475683,2026,Sergei Bobrovsky,TOR,G,5on4,1,360.0,0.0,0.0,0.0,0.0,0.0,0.0,0.0,0.0,0.0,0.01,0.0,0.0,0.0,0.0,0.0,0.0,0.0,0.0,0.0,0.0,0.0,0.0,0.0,0.0,0.0,0.0,0.0,0.0
8479394,2026,Carter Hart,VGK,G,other,1,13.0,0.0,0.0,0.0,0.0,0.0,0.0,0.0,0.0,0.0,0.0,0.0,0.0,0.0,0.0,0.0,0.0,0.0,0.0,0.0,0.0,0.0,0.0,0.0,0.0,0.0,0.0,0.0,0.0
8479394,2026,Carter Hart,VGK,G,all,1,3597.0,2.01,2.0,48.0,3.29,4.0,4.83,7.0,29.18,26.0,0.11,0.0,13.65,11.0,15.16,15.0,1.97,30.0,8.0,1.0,0.96,0.82,0.23,2.0,0.0,0.0,9.0,0.0,0.0
8479394,2026,Carter Hart,VGK,G,5on5,1,3043.0,1.61,2.0,42.0,2.88,4.0,4.27,6.0,24.77,22.0,0.09,0.0,11.77,10.0,12.42,11.0,1.57,26.0,6.0,1.0,0.79,0.59,0.23,2.0,0.0,0.0,9.0,0.0,0.0
8479394,2026,Carter Hart,VGK,G,4on5,1,240.0,0.3,0.0,4.0,0.33,0.0,0.49,0.0,2.98,2.0,0.0,0.0,1.56,1.0,1.31,3.0,0.3,3.0,1.0,0.0,0.16,0.14,0.0,0.0,0.0,0.0,0.0,0.0,0.0
8479394,2026,Carter Hart,VGK,G,5on4,1,301.0,0.1,0.0,2.0,0.08,0.0,0.07,1.0,1.44,2.0,0.02,0.0,0.31,0.0,1.43,1.0,0.1,1.0,1.0,0.0,0.01,0.09,0.0,0.0,0.0,0.0,0.0,0.0,0.0
8474593,2026,Jacob Markstrom,FLA,G,other,1,224.0,0.8,0.0,8.0,0.35,0.0,0.64,0.0,5.34,4.0,0.01,0.0,2.73,3.0,2.48,4.0,0.65,2.0,4.0,1.0,0.03,0.55,0.23,0.0,0.0,0.0,1.0,0.0,0.0
8474593,2026,Jacob Markstrom,FLA,G,all,1,3895.0,2.54,0.0,37.0,1.71,0.0,2.7,0.0,18.29,15.0,0.05,0.0,9.12,16.0,7.85,8.0,2.21,10.0,11.0,3.0,0.28,1.54,0.72,0.0,0.0,0.0,13.0,0.0,0.0
8474593,2026,Jacob Markstrom,FLA,G,5on5,1,2637.0,0.4,0.0,16.0,0.58,0.0,1.05,0.0,5.6,5.0,0.03,0.0,3.2,6.0,2.76,2.0,0.4,6.0,2.0,0.0,0.17,0.23,0.0,0.0,0.0,0.0,8.0,0.0,0.0
8474593,2026,Jacob Markstrom,FLA,G,4on5,1,422.0,1.2,0.0,12.0,0.72,0.0,0.96,0.0,6.62,5.0,0.01,0.0,3.02,7.0,2.06,1.0,1.01,2.0,4.0,2.0,0.09,0.61,0.5,0.0,0.0,0.0,4.0,0.0,0.0
8474593,2026,Jacob Markstrom,FLA,G,5on4,1,612.0,0.15,0.0,1.0,0.07,0.0,0.05,0.0,0.73,1.0,0.01,0.0,0.18,0.0,0.56,1.0,0.15,0.0,1.0,0.0,0.0,0.15,0.0,0.0,0.0,0.0,0.0,0.0,0.0
